{"mean":{"confidence_interval":{"confidence_level":0.95,"lower_bound":115784.19307082867,"upper_bound":126829.63897243029},"point_estimate":121102.1774264856,"standard_error":2835.1098018384173},"median":{"confidence_interval":{"confidence_level":0.95,"lower_bound":109317.0,"upper_bound":119914.61538461539},"point_estimate":115134.9824355972,"standard_error":2347.2889764992747},"median_abs_dev":{"confidence_interval":{"confidence_level":0.95,"lower_bound":17695.264948761458,"upper_bound":27073.156260158827},"point_estimate":21685.66038482977,"standard_error":2271.539866563235},"slope":{"confidence_interval":{"confidence_level":0.95,"lower_bound":132056.39269891713,"upper_bound":149369.64438220338},"point_estimate":140768.5714496823,"standard_error":4415.615000072497},"std_dev":{"confidence_interval":{"confidence_level":0.95,"lower_bound":21961.735133560753,"upper_bound":34089.18585873359},"point_estimate":28547.874915782406,"standard_error":3102.0224962145635}}