{"mean":{"confidence_interval":{"confidence_level":0.95,"lower_bound":46824797.425,"upper_bound":52321318.275},"point_estimate":49360721.0,"standard_error":1407793.0292230158},"median":{"confidence_interval":{"confidence_level":0.95,"lower_bound":43529100.0,"upper_bound":45131350.0},"point_estimate":44135850.0,"standard_error":411226.90736690594},"median_abs_dev":{"confidence_interval":{"confidence_level":0.95,"lower_bound":2608189.8736953735,"upper_bound":6311663.4506955715},"point_estimate":4898213.793039322,"standard_error":949654.2071745149},"slope":null,"std_dev":{"confidence_interval":{"confidence_level":0.95,"lower_bound":8689317.495457016,"upper_bound":18973668.822199948},"point_estimate":14143632.829610875,"standard_error":2640812.877336943}}