{"mean":{"confidence_interval":{"confidence_level":0.95,"lower_bound":3767185.825,"upper_bound":3979347.6},"point_estimate":3870187.4,"standard_error":54200.75553946775},"median":{"confidence_interval":{"confidence_level":0.95,"lower_bound":3661080.0,"upper_bound":3924160.0},"point_estimate":3748780.0,"standard_error":81942.29199325472},"median_abs_dev":{"confidence_interval":{"confidence_level":0.95,"lower_bound":382035.24926751864,"upper_bound":630890.7667994499},"point_estimate":491719.1072702408,"standard_error":63989.354910697744},"slope":null,"std_dev":{"confidence_interval":{"confidence_level":0.95,"lower_bound":439182.243897739,"upper_bound":644910.0248433098},"point_estimate":543844.5384048356,"standard_error":52858.90672920421}}