{"mean":{"confidence_interval":{"confidence_level":0.95,"lower_bound":1198.0513578911837,"upper_bound":1225.6856479423332},"point_estimate":1210.8102197130804,"standard_error":7.0461169459555615},"median":{"confidence_interval":{"confidence_level":0.95,"lower_bound":1200.6538900513601,"upper_bound":1213.3070192124787},"point_estimate":1209.1126830892144,"standard_error":3.5953773923094574},"median_abs_dev":{"confidence_interval":{"confidence_level":0.95,"lower_bound":23.026537697251726,"upper_bound":54.695529479587556},"point_estimate":36.739270174002314,"standard_error":8.167883918800172},"slope":{"confidence_interval":{"confidence_level":0.95,"lower_bound":1187.3665720066247,"upper_bound":1228.2170579699616},"point_estimate":1205.743211012478,"standard_error":10.465332830455175},"std_dev":{"confidence_interval":{"confidence_level":0.95,"lower_bound":41.5810852264595,"upper_bound":97.31547789428966},"point_estimate":70.82750074080342,"standard_error":14.523346944875305}}