{"mean":{"confidence_interval":{"confidence_level":0.95,"lower_bound":66013460.15,"upper_bound":72558378.225},"point_estimate":69219197.0,"standard_error":1673882.4863191657},"median":{"confidence_interval":{"confidence_level":0.95,"lower_bound":60734400.0,"upper_bound":71026000.0},"point_estimate":65470550.0,"standard_error":2402029.294094153},"median_abs_dev":{"confidence_interval":{"confidence_level":0.95,"lower_bound":13086687.577664852,"upper_bound":23017512.85135746},"point_estimate":17542715.928554535,"standard_error":2516795.036340097},"slope":null,"std_dev":{"confidence_interval":{"confidence_level":0.95,"lower_bound":14320477.661003534,"upper_bound":19034455.589922573},"point_estimate":16801654.369165532,"standard_error":1207163.1019649883}}