{"mean":{"confidence_interval":{"confidence_level":0.95,"lower_bound":446632.1000000001,"upper_bound":535629.0138888885},"point_estimate":479018.77777777775,"standard_error":25564.414661171606},"median":{"confidence_interval":{"confidence_level":0.95,"lower_bound":430444.44444444444,"upper_bound":445577.77777777775},"point_estimate":435438.8888888889,"standard_error":4103.601124850857},"median_abs_dev":{"confidence_interval":{"confidence_level":0.95,"lower_bound":17420.54969072342,"upper_bound":36257.806022961944},"point_estimate":24627.632896105468,"standard_error":5431.21917341103},"slope":null,"std_dev":{"confidence_interval":{"confidence_level":0.95,"lower_bound":39359.01033226601,"upper_bound":433582.63853597484},"point_estimate":255945.471704586,"standard_error":137080.72029228808}}