{"mean":{"confidence_interval":{"confidence_level":0.95,"lower_bound":44751541.5,"upper_bound":46931318.324999996},"point_estimate":45784414.0,"standard_error":558087.3746775396},"median":{"confidence_interval":{"confidence_level":0.95,"lower_bound":43022700.0,"upper_bound":44451200.0},"point_estimate":43767750.0,"standard_error":342049.4057369344},"median_abs_dev":{"confidence_interval":{"confidence_level":0.95,"lower_bound":1587419.791817665,"upper_bound":3493376.187980175},"point_estimate":2359409.5981121063,"standard_error":503443.91535318305},"slope":null,"std_dev":{"confidence_interval":{"confidence_level":0.95,"lower_bound":4023342.2590140547,"upper_bound":7131008.542296075},"point_estimate":5608931.43976316,"standard_error":802628.9437402689}}