{"mean":{"confidence_interval":{"confidence_level":0.95,"lower_bound":52676375.25,"upper_bound":56655460.725},"point_estimate":54585438.0,"standard_error":1016907.5238752732},"median":{"confidence_interval":{"confidence_level":0.95,"lower_bound":48402600.0,"upper_bound":52121200.0},"point_estimate":49208500.0,"standard_error":927649.8783292247},"median_abs_dev":{"confidence_interval":{"confidence_level":0.95,"lower_bound":2060739.8334145546,"upper_bound":6881932.557821274},"point_estimate":3309607.921242714,"standard_error":1192568.203715826},"slope":null,"std_dev":{"confidence_interval":{"confidence_level":0.95,"lower_bound":7907711.100164826,"upper_bound":12420023.706783941},"point_estimate":10256089.607433874,"standard_error":1157347.444256663}}