{"mean":{"confidence_interval":{"confidence_level":0.95,"lower_bound":44855525.775,"upper_bound":47148149.025},"point_estimate":45943367.0,"standard_error":586688.7316446655},"median":{"confidence_interval":{"confidence_level":0.95,"lower_bound":42689900.0,"upper_bound":44131500.0},"point_estimate":43002250.0,"standard_error":389826.5600835864},"median_abs_dev":{"confidence_interval":{"confidence_level":0.95,"lower_bound":1003794.3121790886,"upper_bound":3146670.184135437},"point_estimate":1568739.0321493149,"standard_error":550992.9414101833},"slope":null,"std_dev":{"confidence_interval":{"confidence_level":0.95,"lower_bound":4225083.035886614,"upper_bound":7472001.359431129},"point_estimate":5916049.768847948,"standard_error":837003.4586469629}}