{"mean":{"confidence_interval":{"confidence_level":0.95,"lower_bound":118473986.725,"upper_bound":126404936.825},"point_estimate":122260190.0,"standard_error":2024898.2944039367},"median":{"confidence_interval":{"confidence_level":0.95,"lower_bound":112718400.0,"upper_bound":122025900.0},"point_estimate":116235600.0,"standard_error":2047887.5013236646},"median_abs_dev":{"confidence_interval":{"confidence_level":0.95,"lower_bound":10689755.22746891,"upper_bound":20065952.823758125},"point_estimate":14595529.570877552,"standard_error":2333445.7571233264},"slope":null,"std_dev":{"confidence_interval":{"confidence_level":0.95,"lower_bound":14799498.16622262,"upper_bound":25623978.033857033},"point_estimate":20401911.404212926,"standard_error":2780138.8941328498}}