{"mean":{"confidence_interval":{"confidence_level":0.95,"lower_bound":28299458.2,"upper_bound":29789314.4125},"point_estimate":28996158.0,"standard_error":380700.90568601864},"median":{"confidence_interval":{"confidence_level":0.95,"lower_bound":27809050.0,"upper_bound":28735600.0},"point_estimate":28257600.0,"standard_error":219237.87902641602},"median_abs_dev":{"confidence_interval":{"confidence_level":0.95,"lower_bound":1534342.7127599716,"upper_bound":2498106.8256497383},"point_estimate":2030717.1839475632,"standard_error":245572.12489550185},"slope":null,"std_dev":{"confidence_interval":{"confidence_level":0.95,"lower_bound":2385641.296967764,"upper_bound":5097083.399896308},"point_estimate":3831776.468069149,"standard_error":696146.1315693778}}