{"mean":{"confidence_interval":{"confidence_level":0.95,"lower_bound":210277350.4,"upper_bound":220677651.54999998},"point_estimate":215131883.0,"standard_error":2651122.6567127784},"median":{"confidence_interval":{"confidence_level":0.95,"lower_bound":204194500.0,"upper_bound":210209500.0},"point_estimate":207811750.0,"standard_error":1794447.0646633115},"median_abs_dev":{"confidence_interval":{"confidence_level":0.95,"lower_bound":9404576.413035393,"upper_bound":19063863.501548767},"point_estimate":14365059.404969215,"standard_error":2469514.1918108994},"slope":null,"std_dev":{"confidence_interval":{"confidence_level":0.95,"lower_bound":16954311.637685493,"upper_bound":34570183.659767695},"point_estimate":26506634.163080078,"standard_error":4517709.474156039}}