{"mean":{"confidence_interval":{"confidence_level":0.95,"lower_bound":89120.04313402873,"upper_bound":91865.07310232078},"point_estimate":90364.390596376,"standard_error":700.8252266089323},"median":{"confidence_interval":{"confidence_level":0.95,"lower_bound":88376.9081632653,"upper_bound":89567.77777777778},"point_estimate":89171.57014157015,"standard_error":287.41379668756304},"median_abs_dev":{"confidence_interval":{"confidence_level":0.95,"lower_bound":2140.5301869979894,"upper_bound":3639.9577747716344},"point_estimate":2914.8884226822,"standard_error":359.42846603536555},"slope":{"confidence_interval":{"confidence_level":0.95,"lower_bound":87748.05752103787,"upper_bound":88836.11236879075},"point_estimate":88276.22006797694,"standard_error":278.15129196015096},"std_dev":{"confidence_interval":{"confidence_level":0.95,"lower_bound":3760.987561688448,"upper_bound":9785.230324341668},"point_estimate":7054.839042198456,"standard_error":1539.1057324041371}}