{"mean":{"confidence_interval":{"confidence_level":0.95,"lower_bound":6618867.7875,"upper_bound":7038831.01875},"point_estimate":6822922.25,"standard_error":107455.94980149384},"median":{"confidence_interval":{"confidence_level":0.95,"lower_bound":6100100.0,"upper_bound":6626075.0},"point_estimate":6337075.0,"standard_error":121658.50295568486},"median_abs_dev":{"confidence_interval":{"confidence_level":0.95,"lower_bound":332250.65410137177,"upper_bound":1012615.7820224762},"point_estimate":618855.761513114,"standard_error":170059.61216023122},"slope":null,"std_dev":{"confidence_interval":{"confidence_level":0.95,"lower_bound":884163.5834783312,"upper_bound":1279985.3079998314},"point_estimate":1082251.6674231037,"standard_error":102207.73563768837}}