{"mean":{"confidence_interval":{"confidence_level":0.95,"lower_bound":8738634.349999998,"upper_bound":9410792.445833335},"point_estimate":9058122.166666664,"standard_error":172277.66418420902},"median":{"confidence_interval":{"confidence_level":0.95,"lower_bound":8078916.666666667,"upper_bound":8868858.333333334},"point_estimate":8513691.666666666,"standard_error":218374.33860698302},"median_abs_dev":{"confidence_interval":{"confidence_level":0.95,"lower_bound":740323.9418566232,"upper_bound":1675685.4546256356},"point_estimate":1266770.482510327,"standard_error":248024.14046718058},"slope":null,"std_dev":{"confidence_interval":{"confidence_level":0.95,"lower_bound":1265299.0699608466,"upper_bound":2222042.7038209243},"point_estimate":1733691.1644955443,"standard_error":250252.6294957717}}