{"mean":{"confidence_interval":{"confidence_level":0.95,"lower_bound":8966429.650000004,"upper_bound":10122074.091666661},"point_estimate":9508831.666666664,"standard_error":294860.44498410134},"median":{"confidence_interval":{"confidence_level":0.95,"lower_bound":8021333.333333334,"upper_bound":8386100.0},"point_estimate":8229050.0,"standard_error":91193.30103902446},"median_abs_dev":{"confidence_interval":{"confidence_level":0.95,"lower_bound":477740.6605184076,"upper_bound":1037770.5615758894},"point_estimate":726103.3371090889,"standard_error":143465.77347638196},"slope":null,"std_dev":{"confidence_interval":{"confidence_level":0.95,"lower_bound":2073737.5057150945,"upper_bound":3893761.579731631},"point_estimate":2963467.451402003,"standard_error":479472.6991583049}}