{"mean":{"confidence_interval":{"confidence_level":0.95,"lower_bound":18986403.475,"upper_bound":20122972.5875},"point_estimate":19535342.5,"standard_error":290464.1629011089},"median":{"confidence_interval":{"confidence_level":0.95,"lower_bound":17800450.0,"upper_bound":20680600.0},"point_estimate":18637525.0,"standard_error":747337.6041207795},"median_abs_dev":{"confidence_interval":{"confidence_level":0.95,"lower_bound":1506173.3132600784,"upper_bound":3702496.91426754},"point_estimate":2773314.4457638264,"standard_error":576612.0709696419},"slope":null,"std_dev":{"confidence_interval":{"confidence_level":0.95,"lower_bound":2242639.6392340236,"upper_bound":3608070.973805943},"point_estimate":2907331.450913962,"standard_error":356363.7354367431}}