{"mean":{"confidence_interval":{"confidence_level":0.95,"lower_bound":29423944.975,"upper_bound":34557287.475},"point_estimate":31824336.0,"standard_error":1311147.2112558028},"median":{"confidence_interval":{"confidence_level":0.95,"lower_bound":25378900.0,"upper_bound":27869550.0},"point_estimate":26117850.0,"standard_error":631365.4820746554},"median_abs_dev":{"confidence_interval":{"confidence_level":0.95,"lower_bound":2694180.6721687317,"upper_bound":6152715.76076746},"point_estimate":3720362.243950367,"standard_error":897660.972552648},"slope":null,"std_dev":{"confidence_interval":{"confidence_level":0.95,"lower_bound":9101622.698538428,"upper_bound":17191627.107579898},"point_estimate":13155800.884185936,"standard_error":2097248.515036557}}