{"mean":{"confidence_interval":{"confidence_level":0.95,"lower_bound":17865264.49166668,"upper_bound":18976979.399999995},"point_estimate":18406282.333333332,"standard_error":283754.6220193502},"median":{"confidence_interval":{"confidence_level":0.95,"lower_bound":17364900.0,"upper_bound":19079516.666666664},"point_estimate":17994900.0,"standard_error":402222.03483386064},"median_abs_dev":{"confidence_interval":{"confidence_level":0.95,"lower_bound":2240208.560228349,"upper_bound":3474250.64831972},"point_estimate":2725389.401614666,"standard_error":319939.0101732593},"slope":null,"std_dev":{"confidence_interval":{"confidence_level":0.95,"lower_bound":2349336.80829919,"upper_bound":3382744.872468958},"point_estimate":2863525.8064582967,"standard_error":265089.74167051684}}