{"mean":{"confidence_interval":{"confidence_level":0.95,"lower_bound":19809.639067494958,"upper_bound":24409.364049000877},"point_estimate":22124.16561579626,"standard_error":1170.5798418611269},"median":{"confidence_interval":{"confidence_level":0.95,"lower_bound":18725.410828576372,"upper_bound":25806.35593220339},"point_estimate":21113.941299790356,"standard_error":1958.2414929630042},"median_abs_dev":{"confidence_interval":{"confidence_level":0.95,"lower_bound":12106.99650933341,"upper_bound":17851.386183074545},"point_estimate":15252.97072019663,"standard_error":1455.7867407488884},"slope":{"confidence_interval":{"confidence_level":0.95,"lower_bound":30245.744485063275,"upper_bound":33856.33680515808},"point_estimate":32213.313137283876,"standard_error":923.5667512447488},"std_dev":{"confidence_interval":{"confidence_level":0.95,"lower_bound":10643.293284569027,"upper_bound":12681.430508423486},"point_estimate":11750.697307382656,"standard_error":518.9029465291009}}