{"mean":{"confidence_interval":{"confidence_level":0.95,"lower_bound":30458155.55,"upper_bound":45215697.224999994},"point_estimate":36566448.0,"standard_error":3837945.4708120245},"median":{"confidence_interval":{"confidence_level":0.95,"lower_bound":25063200.0,"upper_bound":29344500.0},"point_estimate":26012850.0,"standard_error":1130257.037210497},"median_abs_dev":{"confidence_interval":{"confidence_level":0.95,"lower_bound":3435554.78900671,"upper_bound":8942672.391235828},"point_estimate":4962262.111902237,"standard_error":1504169.1581153981},"slope":null,"std_dev":{"confidence_interval":{"confidence_level":0.95,"lower_bound":9731911.950057013,"upper_bound":61281134.38266576},"point_estimate":38642366.26367038,"standard_error":14254992.288541317}}