{"mean":{"confidence_interval":{"confidence_level":0.95,"lower_bound":9366760.958333334,"upper_bound":10119154.566666665},"point_estimate":9720733.666666664,"standard_error":191474.6593482327},"median":{"confidence_interval":{"confidence_level":0.95,"lower_bound":8880437.50000003,"upper_bound":10167866.666666666},"point_estimate":9596383.333333332,"standard_error":295638.2368606473},"median_abs_dev":{"confidence_interval":{"confidence_level":0.95,"lower_bound":1483934.313654901,"upper_bound":2347574.7438222156},"point_estimate":2004746.9744086268,"standard_error":213406.28407043527},"slope":null,"std_dev":{"confidence_interval":{"confidence_level":0.95,"lower_bound":1377330.5775590024,"upper_bound":2618477.29298823},"point_estimate":1929860.8626974588,"standard_error":370550.20540687285}}