{"mean":{"confidence_interval":{"confidence_level":0.95,"lower_bound":10111296.899999999,"upper_bound":10914291.258333338},"point_estimate":10493040.666666668,"standard_error":204707.0178149119},"median":{"confidence_interval":{"confidence_level":0.95,"lower_bound":9981666.666666666,"upper_bound":10744666.666666666},"point_estimate":10408433.333333334,"standard_error":171978.2349064581},"median_abs_dev":{"confidence_interval":{"confidence_level":0.95,"lower_bound":1179630.6690573692,"upper_bound":2187848.071157933},"point_estimate":1502763.333320619,"standard_error":259989.40270638518},"slope":null,"std_dev":{"confidence_interval":{"confidence_level":0.95,"lower_bound":1440874.4869689022,"upper_bound":2660096.2617098344},"point_estimate":2061165.3530208042,"standard_error":316902.94386794843}}