{"mean":{"confidence_interval":{"confidence_level":0.95,"lower_bound":7251568.175,"upper_bound":7580407.199999997},"point_estimate":7404041.666666666,"standard_error":83861.10719247832},"median":{"confidence_interval":{"confidence_level":0.95,"lower_bound":7084000.0,"upper_bound":7383550.0},"point_estimate":7173416.666666667,"standard_error":76408.86725844251},"median_abs_dev":{"confidence_interval":{"confidence_level":0.95,"lower_bound":412681.7026734345,"upper_bound":665909.7781777382},"point_estimate":524568.5806870465,"standard_error":67353.03702232683},"slope":null,"std_dev":{"confidence_interval":{"confidence_level":0.95,"lower_bound":551663.082483084,"upper_bound":1175340.629502948},"point_estimate":845169.0740789452,"standard_error":180472.80090174795}}