{"mean":{"confidence_interval":{"confidence_level":0.95,"lower_bound":260817.72500000003,"upper_bound":269837.4727272727},"point_estimate":265228.2727272727,"standard_error":2298.083090411365},"median":{"confidence_interval":{"confidence_level":0.95,"lower_bound":259527.27272727274,"upper_bound":273200.0},"point_estimate":264927.2727272727,"standard_error":3850.288701558279},"median_abs_dev":{"confidence_interval":{"confidence_level":0.95,"lower_bound":15877.297899939822,"upper_bound":28364.833132787157},"point_estimate":22629.866870966853,"standard_error":3282.85936856221},"slope":null,"std_dev":{"confidence_interval":{"confidence_level":0.95,"lower_bound":18728.80094565322,"upper_bound":27479.185334337915},"point_estimate":23175.676994763784,"standard_error":2246.220793021646}}