{"mean":{"confidence_interval":{"confidence_level":0.95,"lower_bound":244924.60228677592,"upper_bound":252901.7326997222},"point_estimate":248763.9967783038,"standard_error":2035.8188735690183},"median":{"confidence_interval":{"confidence_level":0.95,"lower_bound":241202.52808988764,"upper_bound":248352.9411764706},"point_estimate":246152.7380952381,"standard_error":1859.9217255700744},"median_abs_dev":{"confidence_interval":{"confidence_level":0.95,"lower_bound":10300.358481515623,"upper_bound":18496.642092073525},"point_estimate":13133.4088918354,"standard_error":2094.764378492264},"slope":{"confidence_interval":{"confidence_level":0.95,"lower_bound":240253.27400458633,"upper_bound":251710.6483800032},"point_estimate":245602.3582828432,"standard_error":2922.448941591838},"std_dev":{"confidence_interval":{"confidence_level":0.95,"lower_bound":15610.443583177157,"upper_bound":25016.695504820073},"point_estimate":20419.489466364488,"standard_error":2413.3189771563816}}