{"mean":{"confidence_interval":{"confidence_level":0.95,"lower_bound":422879.978846154,"upper_bound":486540.74807692313},"point_estimate":450635.46153846144,"standard_error":16416.311816656955},"median":{"confidence_interval":{"confidence_level":0.95,"lower_bound":420623.0769230769,"upper_bound":442546.1538461539},"point_estimate":432484.6153846154,"standard_error":5470.260625614094},"median_abs_dev":{"confidence_interval":{"confidence_level":0.95,"lower_bound":30895.102528425396,"upper_bound":83162.45390818668},"point_estimate":47882.276842227344,"standard_error":15185.538495703237},"slope":null,"std_dev":{"confidence_interval":{"confidence_level":0.95,"lower_bound":68251.77001472708,"upper_bound":248148.44267625274},"point_estimate":164987.43557081715,"standard_error":47680.9241934262}}