{"mean":{"confidence_interval":{"confidence_level":0.95,"lower_bound":30092624.05,"upper_bound":34855682.55},"point_estimate":32290767.0,"standard_error":1217446.6309828057},"median":{"confidence_interval":{"confidence_level":0.95,"lower_bound":26021850.0,"upper_bound":27892500.0},"point_estimate":26702950.0,"standard_error":568164.3928157559},"median_abs_dev":{"confidence_interval":{"confidence_level":0.95,"lower_bound":932825.957939031,"upper_bound":3631776.8955230713},"point_estimate":1859699.276983738,"standard_error":794409.2487579235},"slope":null,"std_dev":{"confidence_interval":{"confidence_level":0.95,"lower_bound":7878865.9849561155,"upper_bound":16588207.332147833},"point_estimate":12196253.316217413,"standard_error":2309955.535268348}}