{"mean":{"confidence_interval":{"confidence_level":0.95,"lower_bound":17485953.833333325,"upper_bound":18912252.500000004},"point_estimate":18166357.33333333,"standard_error":364541.95909279055},"median":{"confidence_interval":{"confidence_level":0.95,"lower_bound":16204366.666666666,"upper_bound":17638400.0},"point_estimate":16954333.333333336,"standard_error":365536.7695269453},"median_abs_dev":{"confidence_interval":{"confidence_level":0.95,"lower_bound":1458087.6541137686,"upper_bound":3271020.1681777844},"point_estimate":2318835.7788324393,"standard_error":462705.5973926271},"slope":null,"std_dev":{"confidence_interval":{"confidence_level":0.95,"lower_bound":2758925.767174792,"upper_bound":4462409.222304704},"point_estimate":3653448.649922761,"standard_error":437570.1343755136}}