{"mean":{"confidence_interval":{"confidence_level":0.95,"lower_bound":5984059.37,"upper_bound":6420060.805},"point_estimate":6187206.4,"standard_error":111217.70603515858},"median":{"confidence_interval":{"confidence_level":0.95,"lower_bound":5544290.0,"upper_bound":5850000.0},"point_estimate":5709430.0,"standard_error":91780.08433533966},"median_abs_dev":{"confidence_interval":{"confidence_level":0.95,"lower_bound":245533.3816409111,"upper_bound":745866.3947582245},"point_estimate":472208.09161663055,"standard_error":135649.51066389368},"slope":null,"std_dev":{"confidence_interval":{"confidence_level":0.95,"lower_bound":754150.1837255039,"upper_bound":1459688.4619030217},"point_estimate":1119075.0168258941,"standard_error":182665.79919190568}}