{"mean":{"confidence_interval":{"confidence_level":0.95,"lower_bound":9197482.76875,"upper_bound":10016673.44375},"point_estimate":9568711.75,"standard_error":209528.3647827565},"median":{"confidence_interval":{"confidence_level":0.95,"lower_bound":9108687.5,"upper_bound":9774700.0},"point_estimate":9392612.5,"standard_error":167608.03699488437},"median_abs_dev":{"confidence_interval":{"confidence_level":0.95,"lower_bound":875252.8944611549,"upper_bound":1426650.3571718931},"point_estimate":1092249.9331086874,"standard_error":136554.99093450062},"slope":null,"std_dev":{"confidence_interval":{"confidence_level":0.95,"lower_bound":1145034.286295841,"upper_bound":2963948.322651197},"point_estimate":2099954.49407903,"standard_error":478049.06615078123}}