{"mean":{"confidence_interval":{"confidence_level":0.95,"lower_bound":45973761.7,"upper_bound":48222058.675},"point_estimate":47036760.0,"standard_error":576548.3469155895},"median":{"confidence_interval":{"confidence_level":0.95,"lower_bound":44441050.0,"upper_bound":45844700.0},"point_estimate":44744150.0,"standard_error":355168.34090521437},"median_abs_dev":{"confidence_interval":{"confidence_level":0.95,"lower_bound":2124491.632282734,"upper_bound":3970402.729511261},"point_estimate":2631614.9532794952,"standard_error":463127.99702001765},"slope":null,"std_dev":{"confidence_interval":{"confidence_level":0.95,"lower_bound":4200800.369112099,"upper_bound":7218827.5636191955},"point_estimate":5798865.8741223365,"standard_error":771777.7605095904}}