{"mean":{"confidence_interval":{"confidence_level":0.95,"lower_bound":16240197.0,"upper_bound":16578167.5},"point_estimate":16405986.0,"standard_error":86142.33549605666},"median":{"confidence_interval":{"confidence_level":0.95,"lower_bound":16256300.0,"upper_bound":16669400.0},"point_estimate":16564150.0,"standard_error":101551.12855646094},"median_abs_dev":{"confidence_interval":{"confidence_level":0.95,"lower_bound":470354.8416495323,"upper_bound":1026774.6117711067},"point_estimate":773472.4062681198,"standard_error":143881.58473595002},"slope":null,"std_dev":{"confidence_interval":{"confidence_level":0.95,"lower_bound":682536.8614548444,"upper_bound":1064210.824206064},"point_estimate":864978.700154641,"standard_error":99644.97097135367}}