{"mean":{"confidence_interval":{"confidence_level":0.95,"lower_bound":429083.99,"upper_bound":448757.02999999997},"point_estimate":438446.0,"standard_error":5022.575260687919},"median":{"confidence_interval":{"confidence_level":0.95,"lower_bound":424520.0,"upper_bound":435140.0},"point_estimate":433260.0,"standard_error":2425.9013786007563},"median_abs_dev":{"confidence_interval":{"confidence_level":0.95,"lower_bound":15359.73572731018,"upper_bound":26538.53952884674},"point_estimate":22505.86760044098,"standard_error":3012.661904502435},"slope":null,"std_dev":{"confidence_interval":{"confidence_level":0.95,"lower_bound":36614.59336750225,"upper_bound":62170.24801364614},"point_estimate":50446.54852996247,"standard_error":6530.633629430311}}