{"mean":{"confidence_interval":{"confidence_level":0.95,"lower_bound":9311796.491666667,"upper_bound":10181811.779166665},"point_estimate":9723378.833333336,"standard_error":221334.98916636463},"median":{"confidence_interval":{"confidence_level":0.95,"lower_bound":8544183.333333332,"upper_bound":9497666.666666666},"point_estimate":9041541.666666668,"standard_error":249823.12838274782},"median_abs_dev":{"confidence_interval":{"confidence_level":0.95,"lower_bound":803692.7357316026,"upper_bound":1777392.7394449702},"point_estimate":1300363.7269139292,"standard_error":238982.93578890638},"slope":null,"std_dev":{"confidence_interval":{"confidence_level":0.95,"lower_bound":1594954.126649017,"upper_bound":2784771.05963942},"point_estimate":2226028.6657863744,"standard_error":305481.65614395565}}