{"mean":{"confidence_interval":{"confidence_level":0.95,"lower_bound":25021160.325,"upper_bound":26443974.95},"point_estimate":25634759.0,"standard_error":366984.30376682593},"median":{"confidence_interval":{"confidence_level":0.95,"lower_bound":24672500.0,"upper_bound":25603850.0},"point_estimate":24971000.0,"standard_error":227428.617085055},"median_abs_dev":{"confidence_interval":{"confidence_level":0.95,"lower_bound":1238934.6680045128,"upper_bound":2123390.801802275},"point_estimate":1485861.6936206818,"standard_error":230017.1309951167},"slope":null,"std_dev":{"confidence_interval":{"confidence_level":0.95,"lower_bound":1771682.8725526906,"upper_bound":5661323.294700752},"point_estimate":3695159.8140722336,"standard_error":1174204.7928443}}