{"mean":{"confidence_interval":{"confidence_level":0.95,"lower_bound":29178.141789093526,"upper_bound":34947.682920519466},"point_estimate":32056.34524229778,"standard_error":1474.379529998601},"median":{"confidence_interval":{"confidence_level":0.95,"lower_bound":25720.93023255814,"upper_bound":40873.913043478264},"point_estimate":28818.85964912281,"standard_error":3422.8096342938156},"median_abs_dev":{"confidence_interval":{"confidence_level":0.95,"lower_bound":14946.423857649454,"upper_bound":22395.389989499123},"point_estimate":20400.473453608673,"standard_error":2068.0291296081264},"slope":{"confidence_interval":{"confidence_level":0.95,"lower_bound":41349.919990221555,"upper_bound":46068.38599111562},"point_estimate":43876.71848677405,"standard_error":1203.9202269655545},"std_dev":{"confidence_interval":{"confidence_level":0.95,"lower_bound":13437.09567146854,"upper_bound":16156.341064569964},"point_estimate":14835.055215369652,"standard_error":694.8422577285522}}