{"mean":{"confidence_interval":{"confidence_level":0.95,"lower_bound":9462673.63,"upper_bound":10027560.709999999},"point_estimate":9733370.0,"standard_error":143681.11319697043},"median":{"confidence_interval":{"confidence_level":0.95,"lower_bound":9097080.0,"upper_bound":9624970.0},"point_estimate":9287840.0,"standard_error":152199.2257483667},"median_abs_dev":{"confidence_interval":{"confidence_level":0.95,"lower_bound":668860.1521253586,"upper_bound":1211521.3944911957},"point_estimate":895861.0340952873,"standard_error":137481.21181301927},"slope":null,"std_dev":{"confidence_interval":{"confidence_level":0.95,"lower_bound":1099263.990065019,"upper_bound":1744587.0916131935},"point_estimate":1445721.6214078215,"standard_error":164979.32396256572}}