{"mean":{"confidence_interval":{"confidence_level":0.95,"lower_bound":14427455.75,"upper_bound":15896017.825},"point_estimate":15113867.0,"standard_error":373707.8901911621},"median":{"confidence_interval":{"confidence_level":0.95,"lower_bound":12749750.0,"upper_bound":15107700.0},"point_estimate":13711450.0,"standard_error":760476.9713307741},"median_abs_dev":{"confidence_interval":{"confidence_level":0.95,"lower_bound":834259.005188942,"upper_bound":4029558.4684610367},"point_estimate":2201438.5709166527,"standard_error":984560.6977335294},"slope":null,"std_dev":{"confidence_interval":{"confidence_level":0.95,"lower_bound":2627616.5185599313,"upper_bound":5073614.482404624},"point_estimate":3756315.545690882,"standard_error":707223.7072776555}}