{"mean":{"confidence_interval":{"confidence_level":0.95,"lower_bound":12627977.65,"upper_bound":13430227.25},"point_estimate":13018458.0,"standard_error":204705.06456811854},"median":{"confidence_interval":{"confidence_level":0.95,"lower_bound":11721100.0,"upper_bound":12501300.0},"point_estimate":12093700.0,"standard_error":224194.61573771533},"median_abs_dev":{"confidence_interval":{"confidence_level":0.95,"lower_bound":779106.2861680984,"upper_bound":1960516.075193882},"point_estimate":1233523.178100586,"standard_error":320543.0646441933},"slope":null,"std_dev":{"confidence_interval":{"confidence_level":0.95,"lower_bound":1762505.675662801,"upper_bound":2299063.205331623},"point_estimate":2054086.2207951753,"standard_error":137292.69047531535}}