{"mean":{"confidence_interval":{"confidence_level":0.95,"lower_bound":15586537.8375,"upper_bound":17187075.4},"point_estimate":16332662.5,"standard_error":408215.7187491},"median":{"confidence_interval":{"confidence_level":0.95,"lower_bound":14435700.0,"upper_bound":15165050.0},"point_estimate":14852425.0,"standard_error":204626.96993854054},"median_abs_dev":{"confidence_interval":{"confidence_level":0.95,"lower_bound":1032775.4351645712,"upper_bound":2212632.200717926},"point_estimate":1674337.2152745724,"standard_error":314909.1167345865},"slope":null,"std_dev":{"confidence_interval":{"confidence_level":0.95,"lower_bound":2607847.7633853997,"upper_bound":5429235.750414415},"point_estimate":4114038.1326241503,"standard_error":721002.6738906875}}