{"mean":{"confidence_interval":{"confidence_level":0.95,"lower_bound":69941.21590909094,"upper_bound":73895.36363636365},"point_estimate":71782.36363636363,"standard_error":1010.104189129095},"median":{"confidence_interval":{"confidence_level":0.95,"lower_bound":67309.09090909091,"upper_bound":67845.45454545454},"point_estimate":67429.54545454546,"standard_error":150.17450911688556},"median_abs_dev":{"confidence_interval":{"confidence_level":0.95,"lower_bound":700.8654421026155,"upper_bound":1795.9676953879211},"point_estimate":1064.7763447328018,"standard_error":314.53698590645837},"slope":null,"std_dev":{"confidence_interval":{"confidence_level":0.95,"lower_bound":7000.624404118804,"upper_bound":12747.456933252044},"point_estimate":10152.096305062374,"standard_error":1466.5655309250535}}