{"mean":{"confidence_interval":{"confidence_level":0.95,"lower_bound":85268.19861111112,"upper_bound":97907.62222222223},"point_estimate":91331.11111111112,"standard_error":3220.9749805460724},"median":{"confidence_interval":{"confidence_level":0.95,"lower_bound":74644.44444444444,"upper_bound":75900.0},"point_estimate":75138.88888888889,"standard_error":345.0595876194715},"median_abs_dev":{"confidence_interval":{"confidence_level":0.95,"lower_bound":1424.9433080355302,"upper_bound":3348.2049405574617},"point_estimate":2125.0599622726368,"standard_error":520.2526576988067},"slope":null,"std_dev":{"confidence_interval":{"confidence_level":0.95,"lower_bound":25452.59326856236,"upper_bound":37861.05734778055},"point_estimate":32407.71371668612,"standard_error":3163.6383955573133}}