{"mean":{"confidence_interval":{"confidence_level":0.95,"lower_bound":3543741.446428571,"upper_bound":4286531.051785715},"point_estimate":3881745.07142857,"standard_error":190445.84402812214},"median":{"confidence_interval":{"confidence_level":0.95,"lower_bound":3314607.1428571427,"upper_bound":3636985.714285714},"point_estimate":3399271.428571428,"standard_error":95620.50589817931},"median_abs_dev":{"confidence_interval":{"confidence_level":0.95,"lower_bound":392343.60803450836,"upper_bound":836498.7901491775},"point_estimate":513964.4608753071,"standard_error":113808.55904623774},"slope":null,"std_dev":{"confidence_interval":{"confidence_level":0.95,"lower_bound":1033701.5089281882,"upper_bound":2615830.886748715},"point_estimate":1916308.211648973,"standard_error":400462.80753192736}}