{"mean":{"confidence_interval":{"confidence_level":0.95,"lower_bound":1641881.675,"upper_bound":1851294.4049999998},"point_estimate":1734776.8,"standard_error":53919.30115675496},"median":{"confidence_interval":{"confidence_level":0.95,"lower_bound":1526175.0,"upper_bound":1581095.0},"point_estimate":1539915.0,"standard_error":14363.09302893128},"median_abs_dev":{"confidence_interval":{"confidence_level":0.95,"lower_bound":51883.58607888222,"upper_bound":158588.15943449692},"point_estimate":94945.70231437683,"standard_error":24947.817904460375},"slope":null,"std_dev":{"confidence_interval":{"confidence_level":0.95,"lower_bound":249761.23766475255,"upper_bound":783133.2254565076},"point_estimate":539251.8156301038,"standard_error":138963.82922652378}}