{"mean":{"confidence_interval":{"confidence_level":0.95,"lower_bound":71303485.85,"upper_bound":78331488.55},"point_estimate":74668807.0,"standard_error":1794381.6487324024},"median":{"confidence_interval":{"confidence_level":0.95,"lower_bound":70545150.0,"upper_bound":76643400.0},"point_estimate":72641600.0,"standard_error":1447069.697787535},"median_abs_dev":{"confidence_interval":{"confidence_level":0.95,"lower_bound":9286709.715127945,"upper_bound":14386112.324595451},"point_estimate":11795120.61059475,"standard_error":1254749.0318265106},"slope":null,"std_dev":{"confidence_interval":{"confidence_level":0.95,"lower_bound":13174966.223022766,"upper_bound":22750658.84034152},"point_estimate":17985700.119487464,"standard_error":2484263.946881979}}