{"mean":{"confidence_interval":{"confidence_level":0.95,"lower_bound":19371007.525,"upper_bound":20687430.7},"point_estimate":20003334.0,"standard_error":335125.0356076112},"median":{"confidence_interval":{"confidence_level":0.95,"lower_bound":17845100.0,"upper_bound":20611100.0},"point_estimate":18818100.0,"standard_error":699320.5537832543},"median_abs_dev":{"confidence_interval":{"confidence_level":0.95,"lower_bound":1221477.0533144474,"upper_bound":3934598.8667719066},"point_estimate":2514489.5553588867,"standard_error":703400.191578988},"slope":null,"std_dev":{"confidence_interval":{"confidence_level":0.95,"lower_bound":2609855.2894842234,"upper_bound":4054836.3331149574},"point_estimate":3379316.162174432,"standard_error":369694.29235672776}}