{"mean":{"confidence_interval":{"confidence_level":0.95,"lower_bound":15149089.625,"upper_bound":16318929.174999999},"point_estimate":15724432.0,"standard_error":298611.433340344},"median":{"confidence_interval":{"confidence_level":0.95,"lower_bound":14319700.0,"upper_bound":15975800.0},"point_estimate":15160600.0,"standard_error":406350.8684812951},"median_abs_dev":{"confidence_interval":{"confidence_level":0.95,"lower_bound":2521598.622232676,"upper_bound":4084192.2774910927},"point_estimate":3324730.4409742355,"standard_error":375801.8121922877},"slope":null,"std_dev":{"confidence_interval":{"confidence_level":0.95,"lower_bound":2586161.946326865,"upper_bound":3353807.462106973},"point_estimate":3002952.339264636,"standard_error":195836.20084769608}}