{"mean":{"confidence_interval":{"confidence_level":0.95,"lower_bound":15226830.941666665,"upper_bound":15893331.333333336},"point_estimate":15519552.0,"standard_error":171430.8118718735},"median":{"confidence_interval":{"confidence_level":0.95,"lower_bound":15018033.333333334,"upper_bound":15233633.333333334},"point_estimate":15078300.0,"standard_error":46898.30900554203},"median_abs_dev":{"confidence_interval":{"confidence_level":0.95,"lower_bound":373763.45336437225,"upper_bound":660671.2582707396},"point_estimate":511324.0209221835,"standard_error":75282.73436462315},"slope":null,"std_dev":{"confidence_interval":{"confidence_level":0.95,"lower_bound":615172.2534078873,"upper_bound":2499526.83127277},"point_estimate":1721647.1593597622,"standard_error":468728.69311077433}}