{"mean":{"confidence_interval":{"confidence_level":0.95,"lower_bound":770.3106843198468,"upper_bound":839.363975309318},"point_estimate":801.1425518047868,"standard_error":17.69218380651747},"median":{"confidence_interval":{"confidence_level":0.95,"lower_bound":745.0759052321553,"upper_bound":796.4815927706552},"point_estimate":774.9370684271305,"standard_error":13.163269150988928},"median_abs_dev":{"confidence_interval":{"confidence_level":0.95,"lower_bound":82.21449664331152,"upper_bound":151.72365774684778},"point_estimate":108.87980043460874,"standard_error":18.582673260549953},"slope":{"confidence_interval":{"confidence_level":0.95,"lower_bound":774.7590251536665,"upper_bound":832.0670803271358},"point_estimate":801.976302796755,"standard_error":14.587364915285157},"std_dev":{"confidence_interval":{"confidence_level":0.95,"lower_bound":102.27152105572358,"upper_bound":263.0972089653788},"point_estimate":177.93643353693759,"standard_error":49.697417126266686}}