{"mean":{"confidence_interval":{"confidence_level":0.95,"lower_bound":143065.08181818182,"upper_bound":158642.25681818186},"point_estimate":150525.2727272727,"standard_error":3984.2696686002823},"median":{"confidence_interval":{"confidence_level":0.95,"lower_bound":132000.0,"upper_bound":134236.36363636365},"point_estimate":132536.36363636365,"standard_error":606.075003157936},"median_abs_dev":{"confidence_interval":{"confidence_level":0.95,"lower_bound":3976.0635657743896,"upper_bound":10310.80890785562},"point_estimate":7958.866222338262,"standard_error":1390.2771343945856},"slope":null,"std_dev":{"confidence_interval":{"confidence_level":0.95,"lower_bound":31148.786476705867,"upper_bound":46916.53073054186},"point_estimate":40063.3212297182,"standard_error":4043.660790447283}}