{"mean":{"confidence_interval":{"confidence_level":0.95,"lower_bound":142356.9267857144,"upper_bound":147681.79821428575},"point_estimate":144866.8571428572,"standard_error":1358.0356465499422},"median":{"confidence_interval":{"confidence_level":0.95,"lower_bound":143346.42857142858,"upper_bound":145389.28571428574},"point_estimate":144096.42857142858,"standard_error":601.2758487346239},"median_abs_dev":{"confidence_interval":{"confidence_level":0.95,"lower_bound":5210.279907499034,"upper_bound":10478.804813964029},"point_estimate":7243.559871401112,"standard_error":1309.9703777351517},"slope":null,"std_dev":{"confidence_interval":{"confidence_level":0.95,"lower_bound":9090.104641024136,"upper_bound":17723.78180851927},"point_estimate":13683.619307519593,"standard_error":2203.41542299943}}