{"mean":{"confidence_interval":{"confidence_level":0.95,"lower_bound":64696179.825,"upper_bound":69848371.475},"point_estimate":67112398.0,"standard_error":1312643.1912130387},"median":{"confidence_interval":{"confidence_level":0.95,"lower_bound":60576000.0,"upper_bound":65553550.0},"point_estimate":64016500.0,"standard_error":1332406.495833237},"median_abs_dev":{"confidence_interval":{"confidence_level":0.95,"lower_bound":6219506.88958168,"upper_bound":11820176.550149918},"point_estimate":9577225.179970264,"standard_error":1481180.8347010447},"slope":null,"std_dev":{"confidence_interval":{"confidence_level":0.95,"lower_bound":9174744.84603049,"upper_bound":17712523.041410126},"point_estimate":13227181.767913,"standard_error":2355506.1216655145}}