{"mean":{"confidence_interval":{"confidence_level":0.95,"lower_bound":51739124.35,"upper_bound":54264356.925},"point_estimate":52923218.0,"standard_error":645073.4884601985},"median":{"confidence_interval":{"confidence_level":0.95,"lower_bound":50743200.0,"upper_bound":52024950.0},"point_estimate":51334850.0,"standard_error":296176.590073955},"median_abs_dev":{"confidence_interval":{"confidence_level":0.95,"lower_bound":2629909.963309765,"upper_bound":4761295.685470104},"point_estimate":3740377.343595028,"standard_error":507382.1191839551},"slope":null,"std_dev":{"confidence_interval":{"confidence_level":0.95,"lower_bound":4251987.2214969145,"upper_bound":8455569.946044782},"point_estimate":6488056.505632391,"standard_error":1070918.5015067724}}