{"mean":{"confidence_interval":{"confidence_level":0.95,"lower_bound":23129935.2,"upper_bound":24530165.7},"point_estimate":23736432.0,"standard_error":361335.7397332869},"median":{"confidence_interval":{"confidence_level":0.95,"lower_bound":22841400.0,"upper_bound":23266100.0},"point_estimate":23060950.0,"standard_error":118397.99674154671},"median_abs_dev":{"confidence_interval":{"confidence_level":0.95,"lower_bound":769172.8663444519,"upper_bound":2238281.1802625656},"point_estimate":1699207.8298330307,"standard_error":392748.1827726202},"slope":null,"std_dev":{"confidence_interval":{"confidence_level":0.95,"lower_bound":1652723.4188775602,"upper_bound":5585397.005833818},"point_estimate":3637633.1651803763,"standard_error":1148762.5165433271}}