{"mean":{"confidence_interval":{"confidence_level":0.95,"lower_bound":71099.85795454547,"upper_bound":74222.55454545455},"point_estimate":72542.09090909091,"standard_error":800.6598439167994},"median":{"confidence_interval":{"confidence_level":0.95,"lower_bound":71750.0,"upper_bound":72788.63636363637},"point_estimate":72634.09090909091,"standard_error":314.8558135709938},"median_abs_dev":{"confidence_interval":{"confidence_level":0.95,"lower_bound":1580.3167901255829,"upper_bound":4090.6281091950086},"point_estimate":2880.961312489073,"standard_error":630.5885758023902},"slope":null,"std_dev":{"confidence_interval":{"confidence_level":0.95,"lower_bound":5108.298783230107,"upper_bound":11319.503767883347},"point_estimate":8086.757109370565,"standard_error":1730.6095088321226}}