{"mean":{"confidence_interval":{"confidence_level":0.95,"lower_bound":1170.0147204727075,"upper_bound":1201.145408576486},"point_estimate":1183.942413198175,"standard_error":7.944717903695511},"median":{"confidence_interval":{"confidence_level":0.95,"lower_bound":1156.1351217088923,"upper_bound":1193.4798807749628},"point_estimate":1176.3851232051904,"standard_error":9.528995101376509},"median_abs_dev":{"confidence_interval":{"confidence_level":0.95,"lower_bound":48.25240994373422,"upper_bound":68.9057280783861},"point_estimate":62.52361576620703,"standard_error":5.351789787607449},"slope":{"confidence_interval":{"confidence_level":0.95,"lower_bound":1172.6328176568963,"upper_bound":1215.6527536233714},"point_estimate":1192.1909322813858,"standard_error":11.034113568444555},"std_dev":{"confidence_interval":{"confidence_level":0.95,"lower_bound":46.113962981077925,"upper_bound":116.5016760883539},"point_estimate":79.63947685898765,"standard_error":20.863359097609177}}