{"mean":{"confidence_interval":{"confidence_level":0.95,"lower_bound":5287056.399999999,"upper_bound":5786868.866666668},"point_estimate":5530075.33333333,"standard_error":127370.27771980429},"median":{"confidence_interval":{"confidence_level":0.95,"lower_bound":4862100.0,"upper_bound":5548566.666666667},"point_estimate":5374466.666666666,"standard_error":193825.94854933425},"median_abs_dev":{"confidence_interval":{"confidence_level":0.95,"lower_bound":963269.912898541,"upper_bound":1748010.0789666174},"point_estimate":1535355.8227419849,"standard_error":208296.35659656947},"slope":null,"std_dev":{"confidence_interval":{"confidence_level":0.95,"lower_bound":1076293.705469424,"upper_bound":1507162.870468184},"point_estimate":1282117.5517789212,"standard_error":111992.98004038031}}