{"mean":{"confidence_interval":{"confidence_level":0.95,"lower_bound":792029.6640625,"upper_bound":832221.846875},"point_estimate":811324.375,"standard_error":10262.086577905497},"median":{"confidence_interval":{"confidence_level":0.95,"lower_bound":765506.25,"upper_bound":798143.75},"point_estimate":785434.375,"standard_error":7924.466493561807},"median_abs_dev":{"confidence_interval":{"confidence_level":0.95,"lower_bound":42013.17675411701,"upper_bound":74593.311175704},"point_estimate":58822.15395569801,"standard_error":8211.453737775897},"slope":null,"std_dev":{"confidence_interval":{"confidence_level":0.95,"lower_bound":81011.2475846624,"upper_bound":122739.98420777549},"point_estimate":103305.84224478019,"standard_error":10637.251914869856}}