{"mean":{"confidence_interval":{"confidence_level":0.95,"lower_bound":173308668.975,"upper_bound":178393847.1},"point_estimate":175721253.0,"standard_error":1301758.604743378},"median":{"confidence_interval":{"confidence_level":0.95,"lower_bound":169413000.0,"upper_bound":173668500.0},"point_estimate":171613900.0,"standard_error":1086046.0993881216},"median_abs_dev":{"confidence_interval":{"confidence_level":0.95,"lower_bound":5414751.623868942,"upper_bound":10366487.275958061},"point_estimate":7812634.691298008,"standard_error":1371467.5473226751},"slope":null,"std_dev":{"confidence_interval":{"confidence_level":0.95,"lower_bound":9681075.06497595,"upper_bound":16126103.002420446},"point_estimate":13085836.16002279,"standard_error":1652428.7896030038}}