{"mean":{"confidence_interval":{"confidence_level":0.95,"lower_bound":806399.4249999997,"upper_bound":840823.5673076924},"point_estimate":822769.2307692308,"standard_error":8803.426651195696},"median":{"confidence_interval":{"confidence_level":0.95,"lower_bound":786284.6153846154,"upper_bound":793053.8461538461},"point_estimate":789446.1538461538,"standard_error":1742.5064978870616},"median_abs_dev":{"confidence_interval":{"confidence_level":0.95,"lower_bound":13525.873606021521,"upper_bound":36169.73705016645},"point_estimate":21560.42500184132,"standard_error":6269.6594215197865},"slope":null,"std_dev":{"confidence_interval":{"confidence_level":0.95,"lower_bound":67323.5495563686,"upper_bound":105820.862130985},"point_estimate":88564.92289225863,"standard_error":9897.500434737638}}