{"mean":{"confidence_interval":{"confidence_level":0.95,"lower_bound":2816995.4625,"upper_bound":2931004.6416666675},"point_estimate":2871440.0000000005,"standard_error":29124.749282925735},"median":{"confidence_interval":{"confidence_level":0.95,"lower_bound":2760600.0,"upper_bound":2835825.0},"point_estimate":2807058.333333333,"standard_error":18973.03842906741},"median_abs_dev":{"confidence_interval":{"confidence_level":0.95,"lower_bound":166841.9170379641,"upper_bound":287772.6548910141},"point_estimate":224490.34601449943,"standard_error":31552.63882244611},"slope":null,"std_dev":{"confidence_interval":{"confidence_level":0.95,"lower_bound":225491.85612484216,"upper_bound":359952.5619560674},"point_estimate":291571.784749789,"standard_error":34877.28722319815}}