{"mean":{"confidence_interval":{"confidence_level":0.95,"lower_bound":243746.51556261268,"upper_bound":250711.74699483908},"point_estimate":247022.44641064398,"standard_error":1777.7617553762952},"median":{"confidence_interval":{"confidence_level":0.95,"lower_bound":238912.183908046,"upper_bound":242092.85509839},"point_estimate":239882.7272727273,"standard_error":855.678453140451},"median_abs_dev":{"confidence_interval":{"confidence_level":0.95,"lower_bound":3797.9211860617997,"upper_bound":8151.600445458825},"point_estimate":4904.036367481436,"standard_error":1152.5200291621277},"slope":{"confidence_interval":{"confidence_level":0.95,"lower_bound":241318.45076465272,"upper_bound":248649.48731637787},"point_estimate":244475.01593024973,"standard_error":1895.1423547770803},"std_dev":{"confidence_interval":{"confidence_level":0.95,"lower_bound":12448.023022419868,"upper_bound":22320.193182005452},"point_estimate":17825.69678408645,"standard_error":2525.4994572560945}}