{"mean":{"confidence_interval":{"confidence_level":0.95,"lower_bound":443222.6527777775,"upper_bound":474108.2388888885},"point_estimate":457223.11111111107,"standard_error":7869.455393381821},"median":{"confidence_interval":{"confidence_level":0.95,"lower_bound":417433.3333333333,"upper_bound":478366.6666666667},"point_estimate":432322.22222222225,"standard_error":13327.879351471753},"median_abs_dev":{"confidence_interval":{"confidence_level":0.95,"lower_bound":29067.196150620788,"upper_bound":72935.68203846617},"point_estimate":62730.4522196452,"standard_error":12164.84393530808},"slope":null,"std_dev":{"confidence_interval":{"confidence_level":0.95,"lower_bound":46220.33837703133,"upper_bound":114673.16174521012},"point_estimate":79415.71581804595,"standard_error":19443.48339835018}}