{"mean":{"confidence_interval":{"confidence_level":0.95,"lower_bound":31548443.175,"upper_bound":33680580.85},"point_estimate":32594977.0,"standard_error":544999.7067501498},"median":{"confidence_interval":{"confidence_level":0.95,"lower_bound":30582400.0,"upper_bound":33001850.0},"point_estimate":31186350.0,"standard_error":735517.9216119035},"median_abs_dev":{"confidence_interval":{"confidence_level":0.95,"lower_bound":5033426.910638809,"upper_bound":7615523.02479744},"point_estimate":6235518.969297409,"standard_error":680378.2067747581},"slope":null,"std_dev":{"confidence_interval":{"confidence_level":0.95,"lower_bound":4589888.681150711,"upper_bound":6465470.11107431},"point_estimate":5482627.486205493,"standard_error":490028.5992256144}}