{"mean":{"confidence_interval":{"confidence_level":0.95,"lower_bound":28518112.725,"upper_bound":30233023.1},"point_estimate":29327826.0,"standard_error":438010.4819057764},"median":{"confidence_interval":{"confidence_level":0.95,"lower_bound":26565050.0,"upper_bound":29447400.0},"point_estimate":27240900.0,"standard_error":814975.3064679411},"median_abs_dev":{"confidence_interval":{"confidence_level":0.95,"lower_bound":1213508.078455925,"upper_bound":4610737.6581430435},"point_estimate":2249845.4600572586,"standard_error":962495.0060203951},"slope":null,"std_dev":{"confidence_interval":{"confidence_level":0.95,"lower_bound":3135463.774197078,"upper_bound":5827125.5526494095},"point_estimate":4399482.29588919,"standard_error":726084.9917172852}}