{"mean":{"confidence_interval":{"confidence_level":0.95,"lower_bound":1212084.1727272726,"upper_bound":1308152.2329545456},"point_estimate":1252902.9545454541,"standard_error":24945.069070741705},"median":{"confidence_interval":{"confidence_level":0.95,"lower_bound":1187127.2727272727,"upper_bound":1210754.5454545454},"point_estimate":1193452.2727272727,"standard_error":7080.810054844758},"median_abs_dev":{"confidence_interval":{"confidence_level":0.95,"lower_bound":38648.685677485126,"upper_bound":65948.74246553931},"point_estimate":49596.33866494349,"standard_error":7472.73502462392},"slope":null,"std_dev":{"confidence_interval":{"confidence_level":0.95,"lower_bound":87256.90305650691,"upper_bound":391043.01160753146},"point_estimate":250503.7095426037,"standard_error":84421.78055088795}}