{"mean":{"confidence_interval":{"confidence_level":0.95,"lower_bound":52115409.2,"upper_bound":55524012.225},"point_estimate":53718592.0,"standard_error":872221.9975520526},"median":{"confidence_interval":{"confidence_level":0.95,"lower_bound":49865000.0,"upper_bound":51561400.0},"point_estimate":50533200.0,"standard_error":487486.70862641156},"median_abs_dev":{"confidence_interval":{"confidence_level":0.95,"lower_bound":2328719.7786569595,"upper_bound":4762739.367194465},"point_estimate":3268169.2519783974,"standard_error":644860.4058780186},"slope":null,"std_dev":{"confidence_interval":{"confidence_level":0.95,"lower_bound":6137755.767896343,"upper_bound":10949420.84276014},"point_estimate":8776544.593618479,"standard_error":1235700.6060796303}}