{"mean":{"confidence_interval":{"confidence_level":0.95,"lower_bound":863008.98375,"upper_bound":938814.36},"point_estimate":896526.1,"standard_error":19465.77417881421},"median":{"confidence_interval":{"confidence_level":0.95,"lower_bound":822900.0,"upper_bound":833907.5},"point_estimate":828335.0,"standard_error":2891.0437791813747},"median_abs_dev":{"confidence_interval":{"confidence_level":0.95,"lower_bound":16686.662703752518,"upper_bound":35408.1938713789},"point_estimate":22576.291099190712,"standard_error":4761.796474904159},"slope":null,"std_dev":{"confidence_interval":{"confidence_level":0.95,"lower_bound":107247.67795002979,"upper_bound":288422.67903878464},"point_estimate":195408.95995603933,"standard_error":54631.212999829506}}