{"mean":{"confidence_interval":{"confidence_level":0.95,"lower_bound":5683733.9375,"upper_bound":6144795.05},"point_estimate":5883174.5,"standard_error":119112.47846684161},"median":{"confidence_interval":{"confidence_level":0.95,"lower_bound":5495950.0,"upper_bound":5589700.0},"point_estimate":5529650.0,"standard_error":21995.913104872867},"median_abs_dev":{"confidence_interval":{"confidence_level":0.95,"lower_bound":172055.72694540024,"upper_bound":314125.869423151},"point_estimate":226837.7959728241,"standard_error":33468.16571464413},"slope":null,"std_dev":{"confidence_interval":{"confidence_level":0.95,"lower_bound":433428.43382603547,"upper_bound":1794737.9688469926},"point_estimate":1202150.8570709056,"standard_error":363482.5200279399}}