{"mean":{"confidence_interval":{"confidence_level":0.95,"lower_bound":4639800.55,"upper_bound":6300113.824999998},"point_estimate":5258506.0,"standard_error":464589.3650979198},"median":{"confidence_interval":{"confidence_level":0.95,"lower_bound":4132000.0,"upper_bound":4339600.0},"point_estimate":4234800.0,"standard_error":50161.387780069825},"median_abs_dev":{"confidence_interval":{"confidence_level":0.95,"lower_bound":227208.44596624374,"upper_bound":542779.8503637314},"point_estimate":360568.3135986328,"standard_error":76932.95047047599},"slope":null,"std_dev":{"confidence_interval":{"confidence_level":0.95,"lower_bound":975010.3401417526,"upper_bound":7916035.01706457},"point_estimate":4696961.791463572,"standard_error":2417861.310779202}}