{"mean":{"confidence_interval":{"confidence_level":0.95,"lower_bound":62987.34375,"upper_bound":71429.16625},"point_estimate":67034.1,"standard_error":2161.270266153362},"median":{"confidence_interval":{"confidence_level":0.95,"lower_bound":54792.5,"upper_bound":56720.0},"point_estimate":56117.5,"standard_error":511.45688821862393},"median_abs_dev":{"confidence_interval":{"confidence_level":0.95,"lower_bound":1957.0319652557373,"upper_bound":4462.6259207725525},"point_estimate":3328.436940908432,"standard_error":680.6992934220702},"slope":null,"std_dev":{"confidence_interval":{"confidence_level":0.95,"lower_bound":17680.080239332285,"upper_bound":25073.24397688336},"point_estimate":21775.361648877246,"standard_error":1879.576670329669}}