{"mean":{"confidence_interval":{"confidence_level":0.95,"lower_bound":53281.957291666695,"upper_bound":56387.29166666668},"point_estimate":54707.875,"standard_error":795.850800879235},"median":{"confidence_interval":{"confidence_level":0.95,"lower_bound":50920.833333333336,"upper_bound":53437.5},"point_estimate":52108.33333333333,"standard_error":552.482655104443},"median_abs_dev":{"confidence_interval":{"confidence_level":0.95,"lower_bound":1359.0499758720362,"upper_bound":4234.676174819469},"point_estimate":2773.6974507570303,"standard_error":635.9801453057917},"slope":null,"std_dev":{"confidence_interval":{"confidence_level":0.95,"lower_bound":4702.927697137894,"upper_bound":10941.044737510127},"point_estimate":8004.356647598934,"standard_error":1613.9572739320115}}