{"mean":{"confidence_interval":{"confidence_level":0.95,"lower_bound":466531.9916666666,"upper_bound":489113.33333333343},"point_estimate":477162.0,"standard_error":5764.711226001331},"median":{"confidence_interval":{"confidence_level":0.95,"lower_bound":454833.3333333333,"upper_bound":468066.6666666667},"point_estimate":462316.6666666667,"standard_error":2885.333435783339},"median_abs_dev":{"confidence_interval":{"confidence_level":0.95,"lower_bound":19743.28964948657,"upper_bound":34248.0593919754},"point_estimate":24759.419560432434,"standard_error":3652.987433136753},"slope":null,"std_dev":{"confidence_interval":{"confidence_level":0.95,"lower_bound":40720.08158473278,"upper_bound":73311.64663688153},"point_estimate":57979.01958475132,"standard_error":8358.273713592842}}