{"mean":{"confidence_interval":{"confidence_level":0.95,"lower_bound":30693465.925,"upper_bound":33940303.625},"point_estimate":32272816.0,"standard_error":830402.4362993885},"median":{"confidence_interval":{"confidence_level":0.95,"lower_bound":28224000.0,"upper_bound":31592800.0},"point_estimate":29391750.0,"standard_error":781805.5483496608},"median_abs_dev":{"confidence_interval":{"confidence_level":0.95,"lower_bound":4856997.513771057,"upper_bound":9258479.158379134},"point_estimate":6702686.221003532,"standard_error":1200189.0333200614},"slope":null,"std_dev":{"confidence_interval":{"confidence_level":0.95,"lower_bound":6850895.694187624,"upper_bound":9735998.569703406},"point_estimate":8339019.4175942615,"standard_error":737604.1913564116}}