{"mean":{"confidence_interval":{"confidence_level":0.95,"lower_bound":66381861.0,"upper_bound":69003424.175},"point_estimate":67581409.0,"standard_error":671349.6280714707},"median":{"confidence_interval":{"confidence_level":0.95,"lower_bound":65026900.0,"upper_bound":66468900.0},"point_estimate":65736800.0,"standard_error":357184.96454938326},"median_abs_dev":{"confidence_interval":{"confidence_level":0.95,"lower_bound":1979715.7448530197,"upper_bound":3602643.806040287},"point_estimate":2579205.044209957,"standard_error":402440.2505312325},"slope":null,"std_dev":{"confidence_interval":{"confidence_level":0.95,"lower_bound":3865054.9524083748,"upper_bound":9021725.030639742},"point_estimate":6728561.045051823,"standard_error":1318799.4850289735}}