{"mean":{"confidence_interval":{"confidence_level":0.95,"lower_bound":88178212.025,"upper_bound":96608773.55},"point_estimate":92232791.0,"standard_error":2145480.5745583633},"median":{"confidence_interval":{"confidence_level":0.95,"lower_bound":81388900.0,"upper_bound":90915600.0},"point_estimate":85349400.0,"standard_error":2249376.1411354076},"median_abs_dev":{"confidence_interval":{"confidence_level":0.95,"lower_bound":11674955.8827281,"upper_bound":20756992.671489716},"point_estimate":15398579.84662056,"standard_error":2292927.737657375},"slope":null,"std_dev":{"confidence_interval":{"confidence_level":0.95,"lower_bound":17003702.311663415,"upper_bound":25512311.808167834},"point_estimate":21518683.711115055,"standard_error":2169873.0932295434}}