{"mean":{"confidence_interval":{"confidence_level":0.95,"lower_bound":718509.9972222226,"upper_bound":784870.3805555557},"point_estimate":743297.111111111,"standard_error":18401.41292753439},"median":{"confidence_interval":{"confidence_level":0.95,"lower_bound":703316.6666666666,"upper_bound":719822.2222222222},"point_estimate":707827.7777777778,"standard_error":3833.354247578683},"median_abs_dev":{"confidence_interval":{"confidence_level":0.95,"lower_bound":20328.09297243756,"upper_bound":42188.2059176763},"point_estimate":25311.276217301638,"standard_error":5251.402639782074},"slope":null,"std_dev":{"confidence_interval":{"confidence_level":0.95,"lower_bound":41972.17337230747,"upper_bound":311554.59661048814},"point_estimate":185352.6542533393,"standard_error":93566.53990015855}}