{"mean":{"confidence_interval":{"confidence_level":0.95,"lower_bound":8052483.81875,"upper_bound":8725414.59375},"point_estimate":8372446.0,"standard_error":171861.97525194043},"median":{"confidence_interval":{"confidence_level":0.95,"lower_bound":7489825.0,"upper_bound":8110350.0},"point_estimate":7783087.5,"standard_error":132091.3526103319},"median_abs_dev":{"confidence_interval":{"confidence_level":0.95,"lower_bound":606269.8776740583,"upper_bound":1307214.4198548035},"point_estimate":929478.9884984493,"standard_error":161150.10521430467},"slope":null,"std_dev":{"confidence_interval":{"confidence_level":0.95,"lower_bound":1246434.5359799028,"upper_bound":2183309.1534154876},"point_estimate":1729618.2058116908,"standard_error":241501.92856621448}}