{"mean":{"confidence_interval":{"confidence_level":0.95,"lower_bound":39801479.5375,"upper_bound":44193190.5625},"point_estimate":41945529.0,"standard_error":1118981.3628596554},"median":{"confidence_interval":{"confidence_level":0.95,"lower_bound":36239350.0,"upper_bound":44996025.0},"point_estimate":38644500.0,"standard_error":2128668.587894902},"median_abs_dev":{"confidence_interval":{"confidence_level":0.95,"lower_bound":8839205.445572736,"upper_bound":14080177.820026875},"point_estimate":12006576.431840658,"standard_error":1261328.1957550512},"slope":null,"std_dev":{"confidence_interval":{"confidence_level":0.95,"lower_bound":9367280.798133774,"upper_bound":13102108.586098673},"point_estimate":11236062.649814853,"standard_error":961955.2648652737}}