{"mean":{"confidence_interval":{"confidence_level":0.95,"lower_bound":7161635.983333333,"upper_bound":7755974.516666667},"point_estimate":7412637.333333334,"standard_error":154757.7928347884},"median":{"confidence_interval":{"confidence_level":0.95,"lower_bound":6880700.0,"upper_bound":7285583.333333334},"point_estimate":7045800.0,"standard_error":107730.95162270665},"median_abs_dev":{"confidence_interval":{"confidence_level":0.95,"lower_bound":486589.31136131287,"upper_bound":823609.6131280054},"point_estimate":674904.2180180554,"standard_error":85208.91439724795},"slope":null,"std_dev":{"confidence_interval":{"confidence_level":0.95,"lower_bound":670382.2441109718,"upper_bound":2450931.906952272},"point_estimate":1557582.6801075584,"standard_error":570229.5522598703}}