{"mean":{"confidence_interval":{"confidence_level":0.95,"lower_bound":1159.251951816882,"upper_bound":1182.932410870304},"point_estimate":1170.7305833717937,"standard_error":6.054860933196585},"median":{"confidence_interval":{"confidence_level":0.95,"lower_bound":1146.3419205343148,"upper_bound":1192.988184079602},"point_estimate":1172.592436262757,"standard_error":11.63826071282951},"median_abs_dev":{"confidence_interval":{"confidence_level":0.95,"lower_bound":49.253726518021324,"upper_bound":74.49778018652114},"point_estimate":67.11716904698301,"standard_error":6.385406938994381},"slope":{"confidence_interval":{"confidence_level":0.95,"lower_bound":1161.9262649011396,"upper_bound":1204.21327972602},"point_estimate":1180.9859465786187,"standard_error":10.8988461591858},"std_dev":{"confidence_interval":{"confidence_level":0.95,"lower_bound":46.96349531831673,"upper_bound":77.65335680137336},"point_estimate":60.80493418367291,"standard_error":8.338074952801703}}