{"mean":{"confidence_interval":{"confidence_level":0.95,"lower_bound":4507710.383333335,"upper_bound":4946127.308333333},"point_estimate":4714576.666666666,"standard_error":111818.20985113386},"median":{"confidence_interval":{"confidence_level":0.95,"lower_bound":4080287.5,"upper_bound":4484245.833333333},"point_estimate":4202475.0,"standard_error":114577.78921523818},"median_abs_dev":{"confidence_interval":{"confidence_level":0.95,"lower_bound":288895.569933578,"upper_bound":837824.3492506454},"point_estimate":459914.8668348788,"standard_error":148516.17526010948},"slope":null,"std_dev":{"confidence_interval":{"confidence_level":0.95,"lower_bound":821887.5621362012,"upper_bound":1402769.2400405693},"point_estimate":1122571.369965574,"standard_error":149405.4869769875}}