{"mean":{"confidence_interval":{"confidence_level":0.95,"lower_bound":5229348.39375,"upper_bound":5489510.35625},"point_estimate":5358579.75,"standard_error":66491.00140584906},"median":{"confidence_interval":{"confidence_level":0.95,"lower_bound":5066725.0,"upper_bound":5475562.5},"point_estimate":5291975.0,"standard_error":95128.17592034709},"median_abs_dev":{"confidence_interval":{"confidence_level":0.95,"lower_bound":529436.4506006241,"upper_bound":991043.9524054527},"point_estimate":729161.199554801,"standard_error":120920.12885331403},"slope":null,"std_dev":{"confidence_interval":{"confidence_level":0.95,"lower_bound":588987.2938218882,"upper_bound":738564.3558755727},"point_estimate":668374.681962575,"standard_error":38129.2312548299}}