{"mean":{"confidence_interval":{"confidence_level":0.95,"lower_bound":5925354.365,"upper_bound":6176388.149999999},"point_estimate":6049638.6,"standard_error":64355.09093439134},"median":{"confidence_interval":{"confidence_level":0.95,"lower_bound":5623510.0,"upper_bound":6340880.0},"point_estimate":5988630.0,"standard_error":177005.11010783672},"median_abs_dev":{"confidence_interval":{"confidence_level":0.95,"lower_bound":433438.10230493546,"upper_bound":979064.5446181297},"point_estimate":825022.4073529243,"standard_error":144568.46501120628},"slope":null,"std_dev":{"confidence_interval":{"confidence_level":0.95,"lower_bound":561799.3261956817,"upper_bound":745225.0135437914},"point_estimate":647681.6845574314,"standard_error":48058.950396892025}}