{"mean":{"confidence_interval":{"confidence_level":0.95,"lower_bound":4499384.5,"upper_bound":5225289.375},"point_estimate":4844768.5,"standard_error":185670.60270242073},"median":{"confidence_interval":{"confidence_level":0.95,"lower_bound":3768187.5,"upper_bound":4119025.0},"point_estimate":3872837.5,"standard_error":83129.65691672025},"median_abs_dev":{"confidence_interval":{"confidence_level":0.95,"lower_bound":185546.92339338365,"upper_bound":679827.685430646},"point_estimate":342962.43891119957,"standard_error":120005.51352307477},"slope":null,"std_dev":{"confidence_interval":{"confidence_level":0.95,"lower_bound":1345407.3443105724,"upper_bound":2355984.0900405003},"point_estimate":1864618.3485576962,"standard_error":261008.7474861713}}