{"mean":{"confidence_interval":{"confidence_level":0.95,"lower_bound":790294.678125,"upper_bound":929497.6031249999},"point_estimate":841147.625,"standard_error":39396.68802516299},"median":{"confidence_interval":{"confidence_level":0.95,"lower_bound":768175.0,"upper_bound":777181.25},"point_estimate":771412.5,"standard_error":2311.4689855207744},"median_abs_dev":{"confidence_interval":{"confidence_level":0.95,"lower_bound":18912.4159142375,"upper_bound":36814.81059640646},"point_estimate":26084.493286907673,"standard_error":4662.141884362744},"slope":null,"std_dev":{"confidence_interval":{"confidence_level":0.95,"lower_bound":70044.74553261312,"upper_bound":667537.4629918431},"point_estimate":395230.3443284073,"standard_error":207697.4682624608}}