{"mean":{"confidence_interval":{"confidence_level":0.95,"lower_bound":146600.72778860922,"upper_bound":149541.79831845203},"point_estimate":148026.95314492623,"standard_error":750.1805937456913},"median":{"confidence_interval":{"confidence_level":0.95,"lower_bound":146104.62306939793,"upper_bound":148965.2380952381},"point_estimate":147554.07177363697,"standard_error":783.1571128372032},"median_abs_dev":{"confidence_interval":{"confidence_level":0.95,"lower_bound":3933.8539926601247,"upper_bound":6409.284306887735},"point_estimate":5536.493635935523,"standard_error":619.9857713247036},"slope":{"confidence_interval":{"confidence_level":0.95,"lower_bound":145349.32107800568,"upper_bound":149704.82236269224},"point_estimate":147409.41058498173,"standard_error":1109.389692037019},"std_dev":{"confidence_interval":{"confidence_level":0.95,"lower_bound":5640.084803191122,"upper_bound":9344.544437914963},"point_estimate":7560.487560311215,"standard_error":948.1183815588516}}