{"mean":{"confidence_interval":{"confidence_level":0.95,"lower_bound":49944612.45,"upper_bound":52868055.275},"point_estimate":51296189.0,"standard_error":749080.7654301433},"median":{"confidence_interval":{"confidence_level":0.95,"lower_bound":48919300.0,"upper_bound":50273100.0},"point_estimate":49546000.0,"standard_error":386578.2241216457},"median_abs_dev":{"confidence_interval":{"confidence_level":0.95,"lower_bound":2444731.373347342,"upper_bound":4644780.006788667},"point_estimate":3523324.7074484825,"standard_error":563065.7976879184},"slope":null,"std_dev":{"confidence_interval":{"confidence_level":0.95,"lower_bound":4564144.301248541,"upper_bound":10210097.0306079},"point_estimate":7551321.2291517155,"standard_error":1457244.0810351495}}