{"mean":{"confidence_interval":{"confidence_level":0.95,"lower_bound":97132941.75,"upper_bound":102250458.175},"point_estimate":99590601.0,"standard_error":1306975.3863804617},"median":{"confidence_interval":{"confidence_level":0.95,"lower_bound":92708300.0,"upper_bound":98451650.0},"point_estimate":95322050.0,"standard_error":1274768.7986523553},"median_abs_dev":{"confidence_interval":{"confidence_level":0.95,"lower_bound":5534323.31174612,"upper_bound":11325877.718925476},"point_estimate":7736725.572645664,"standard_error":1417080.8063352532},"slope":null,"std_dev":{"confidence_interval":{"confidence_level":0.95,"lower_bound":10039440.441742036,"upper_bound":15788886.381618995},"point_estimate":13136637.376894392,"standard_error":1467097.6309851198}}