{"mean":{"confidence_interval":{"confidence_level":0.95,"lower_bound":245948.9869614665,"upper_bound":253296.24327048662},"point_estimate":249500.21867043668,"standard_error":1870.268554495661},"median":{"confidence_interval":{"confidence_level":0.95,"lower_bound":242553.0172413793,"upper_bound":247624.8475609756},"point_estimate":245078.2258064516,"standard_error":1260.163991453734},"median_abs_dev":{"confidence_interval":{"confidence_level":0.95,"lower_bound":7578.086198795402,"upper_bound":13011.588295856229},"point_estimate":10541.098696316734,"standard_error":1372.981718835771},"slope":{"confidence_interval":{"confidence_level":0.95,"lower_bound":246272.7072066072,"upper_bound":258174.23537758907},"point_estimate":252040.77996157826,"standard_error":3031.527027950061},"std_dev":{"confidence_interval":{"confidence_level":0.95,"lower_bound":14506.667887493932,"upper_bound":22579.32139265179},"point_estimate":18801.585579983017,"standard_error":2058.9362508641248}}