{"mean":{"confidence_interval":{"confidence_level":0.95,"lower_bound":442924.46875,"upper_bound":519684.125},"point_estimate":479064.75,"standard_error":19645.890495381213},"median":{"confidence_interval":{"confidence_level":0.95,"lower_bound":394725.0,"upper_bound":398000.0},"point_estimate":396300.0,"standard_error":772.7872207694763},"median_abs_dev":{"confidence_interval":{"confidence_level":0.95,"lower_bound":12305.579781532288,"upper_bound":24537.029564380646},"point_estimate":18402.772173285484,"standard_error":3299.7593696958543},"slope":null,"std_dev":{"confidence_interval":{"confidence_level":0.95,"lower_bound":144033.36783266655,"upper_bound":238233.82801104386},"point_estimate":196821.30108115915,"standard_error":23998.883018796892}}