{"mean":{"confidence_interval":{"confidence_level":0.95,"lower_bound":30852895.775000002,"upper_bound":34560972.025},"point_estimate":32592302.0,"standard_error":949411.8313939461},"median":{"confidence_interval":{"confidence_level":0.95,"lower_bound":27709100.0,"upper_bound":29087850.0},"point_estimate":28410500.0,"standard_error":380073.1674639864},"median_abs_dev":{"confidence_interval":{"confidence_level":0.95,"lower_bound":1064284.391105175,"upper_bound":2875131.9989562035},"point_estimate":1900767.2962546349,"standard_error":495348.4095417514},"slope":null,"std_dev":{"confidence_interval":{"confidence_level":0.95,"lower_bound":6565575.028826341,"upper_bound":12144999.292800633},"point_estimate":9590406.257581089,"standard_error":1429917.1759895482}}