{"mean":{"confidence_interval":{"confidence_level":0.95,"lower_bound":118055158.2,"upper_bound":126077645.75},"point_estimate":121863034.0,"standard_error":2048145.6439804463},"median":{"confidence_interval":{"confidence_level":0.95,"lower_bound":111558750.0,"upper_bound":118535200.0},"point_estimate":115673250.0,"standard_error":1790148.2912897032},"median_abs_dev":{"confidence_interval":{"confidence_level":0.95,"lower_bound":8694781.675636768,"upper_bound":17108156.61001949},"point_estimate":13670980.227291584,"standard_error":2277349.1899461853},"slope":null,"std_dev":{"confidence_interval":{"confidence_level":0.95,"lower_bound":14930478.672012178,"upper_bound":25741514.8491768},"point_estimate":20623393.424733885,"standard_error":2768452.1284665633}}