{"mean":{"confidence_interval":{"confidence_level":0.95,"lower_bound":46551678.4,"upper_bound":51344231.25},"point_estimate":48846214.0,"standard_error":1221791.600778508},"median":{"confidence_interval":{"confidence_level":0.95,"lower_bound":41990500.0,"upper_bound":45336638.74999963},"point_estimate":43563350.0,"standard_error":818034.0009006443},"median_abs_dev":{"confidence_interval":{"confidence_level":0.95,"lower_bound":3820578.5891711717,"upper_bound":8432824.792787429},"point_estimate":5522017.731964588,"standard_error":1203753.0899705754},"slope":null,"std_dev":{"confidence_interval":{"confidence_level":0.95,"lower_bound":9470791.850182043,"upper_bound":14732072.965976954},"point_estimate":12297087.541776104,"standard_error":1341478.7999762285}}