{"mean":{"confidence_interval":{"confidence_level":0.95,"lower_bound":3523042.491666666,"upper_bound":3910002.724999999},"point_estimate":3667967.0,"standard_error":106204.46148098623},"median":{"confidence_interval":{"confidence_level":0.95,"lower_bound":3454433.3333333335,"upper_bound":3518433.333333333},"point_estimate":3472216.666666667,"standard_error":16451.254042499753},"median_abs_dev":{"confidence_interval":{"confidence_level":0.95,"lower_bound":105536.4081263541,"upper_bound":216263.15166056104},"point_estimate":151694.68730688107,"standard_error":26902.314726167668},"slope":null,"std_dev":{"confidence_interval":{"confidence_level":0.95,"lower_bound":233965.73478046994,"upper_bound":1784612.883320338},"point_estimate":1065014.3707001645,"standard_error":529276.0777715493}}