{"mean":{"confidence_interval":{"confidence_level":0.95,"lower_bound":2238862.425,"upper_bound":2323676.175},"point_estimate":2279609.5,"standard_error":21667.287583529174},"median":{"confidence_interval":{"confidence_level":0.95,"lower_bound":2194975.0,"upper_bound":2225850.0},"point_estimate":2208975.0,"standard_error":8105.16291400727},"median_abs_dev":{"confidence_interval":{"confidence_level":0.95,"lower_bound":43254.85423207283,"upper_bound":81654.19355034828},"point_estimate":58377.37396359444,"standard_error":9948.367771579533},"slope":null,"std_dev":{"confidence_interval":{"confidence_level":0.95,"lower_bound":166420.71037275103,"upper_bound":257973.82334837015},"point_estimate":216801.88865411183,"standard_error":23344.18446942411}}