{"mean":{"confidence_interval":{"confidence_level":0.95,"lower_bound":3522575.1700000004,"upper_bound":3893922.88},"point_estimate":3684847.0,"standard_error":95366.2924338162},"median":{"confidence_interval":{"confidence_level":0.95,"lower_bound":3374820.0,"upper_bound":3547300.0},"point_estimate":3438440.0,"standard_error":39293.44041848715},"median_abs_dev":{"confidence_interval":{"confidence_level":0.95,"lower_bound":300359.9286675453,"upper_bound":565776.4585554596},"point_estimate":409286.54873371124,"standard_error":64455.22797335495},"slope":null,"std_dev":{"confidence_interval":{"confidence_level":0.95,"lower_bound":517195.39338354487,"upper_bound":1430303.9463572924},"point_estimate":953755.69530264,"standard_error":287304.2219973293}}