{"mean":{"confidence_interval":{"confidence_level":0.95,"lower_bound":21137014.4875,"upper_bound":22564217.2125},"point_estimate":21834633.5,"standard_error":363384.57685694855},"median":{"confidence_interval":{"confidence_level":0.95,"lower_bound":20175500.0,"upper_bound":22434875.0},"point_estimate":22016900.0,"standard_error":633620.920047583},"median_abs_dev":{"confidence_interval":{"confidence_level":0.95,"lower_bound":3278176.801800728,"upper_bound":5334065.753426402},"point_estimate":4709775.336384773,"standard_error":534255.8221145142},"slope":null,"std_dev":{"confidence_interval":{"confidence_level":0.95,"lower_bound":3108823.209396978,"upper_bound":4153907.4278427204},"point_estimate":3652853.6728433017,"standard_error":267310.3490292429}}