{"mean":{"confidence_interval":{"confidence_level":0.95,"lower_bound":1174.432087321556,"upper_bound":1217.204032067994},"point_estimate":1193.7440841553862,"standard_error":10.977562393751233},"median":{"confidence_interval":{"confidence_level":0.95,"lower_bound":1159.2431176387115,"upper_bound":1196.5836526181354},"point_estimate":1174.782727160369,"standard_error":9.54335444112219},"median_abs_dev":{"confidence_interval":{"confidence_level":0.95,"lower_bound":42.80637333442745,"upper_bound":67.81573807202889},"point_estimate":57.06307279267967,"standard_error":5.785425458426926},"slope":{"confidence_interval":{"confidence_level":0.95,"lower_bound":1170.7542059242855,"upper_bound":1194.9064601493121},"point_estimate":1182.551919285255,"standard_error":6.164804633900251},"std_dev":{"confidence_interval":{"confidence_level":0.95,"lower_bound":52.809636214351166,"upper_bound":152.75645498090796},"point_estimate":110.19885195326394,"standard_error":24.62221964891866}}