{"mean":{"confidence_interval":{"confidence_level":0.95,"lower_bound":274715.4843749181,"upper_bound":291609.14826032205},"point_estimate":281969.86777050106,"standard_error":4355.1445329212065},"median":{"confidence_interval":{"confidence_level":0.95,"lower_bound":267925.0,"upper_bound":273596.8248663101},"point_estimate":270488.984375,"standard_error":1375.3579555751812},"median_abs_dev":{"confidence_interval":{"confidence_level":0.95,"lower_bound":8461.763427515049,"upper_bound":15132.933231336698},"point_estimate":10635.012710245319,"standard_error":1656.7302395664879},"slope":{"confidence_interval":{"confidence_level":0.95,"lower_bound":276147.9951640094,"upper_bound":299964.2666542046},"point_estimate":287177.8987734594,"standard_error":6086.761972763702},"std_dev":{"confidence_interval":{"confidence_level":0.95,"lower_bound":18757.601578735703,"upper_bound":67152.05838709974},"point_estimate":43601.80346354134,"standard_error":13949.045995497985}}