{"mean":{"confidence_interval":{"confidence_level":0.95,"lower_bound":728.9616734579952,"upper_bound":763.8463484910748},"point_estimate":745.5968961166458,"standard_error":8.91681135837624},"median":{"confidence_interval":{"confidence_level":0.95,"lower_bound":712.94810058855,"upper_bound":741.9175527522236},"point_estimate":731.0689901744845,"standard_error":6.445084845975351},"median_abs_dev":{"confidence_interval":{"confidence_level":0.95,"lower_bound":49.59979729283384,"upper_bound":75.27647320261313},"point_estimate":67.57967488397252,"standard_error":6.66900533997821},"slope":{"confidence_interval":{"confidence_level":0.95,"lower_bound":719.592089971367,"upper_bound":758.0630710418126},"point_estimate":737.8433924662864,"standard_error":9.836169438704989},"std_dev":{"confidence_interval":{"confidence_level":0.95,"lower_bound":63.110815302182175,"upper_bound":113.79316571381574},"point_estimate":89.7932364076851,"standard_error":13.0147462096538}}