{"mean":{"confidence_interval":{"confidence_level":0.95,"lower_bound":3036087.4125,"upper_bound":3216262.2833333323},"point_estimate":3124193.666666667,"standard_error":45962.60796792021},"median":{"confidence_interval":{"confidence_level":0.95,"lower_bound":2936033.3333333335,"upper_bound":3146850.0},"point_estimate":3074083.333333333,"standard_error":59680.001827890366},"median_abs_dev":{"confidence_interval":{"confidence_level":0.95,"lower_bound":349655.4511673749,"upper_bound":605753.2842457294},"point_estimate":480733.0414652821,"standard_error":65702.31868339819},"slope":null,"std_dev":{"confidence_interval":{"confidence_level":0.95,"lower_bound":391398.99400318594,"upper_bound":526699.8683677992},"point_estimate":462346.1860757454,"standard_error":34712.44080870665}}