{"mean":{"confidence_interval":{"confidence_level":0.95,"lower_bound":4598761.585,"upper_bound":4868770.975},"point_estimate":4727794.0,"standard_error":68883.69132862044},"median":{"confidence_interval":{"confidence_level":0.95,"lower_bound":4499340.0,"upper_bound":4724300.0},"point_estimate":4613930.0,"standard_error":56816.72408261006},"median_abs_dev":{"confidence_interval":{"confidence_level":0.95,"lower_bound":358965.9936770798,"upper_bound":633114.6667599678},"point_estimate":501133.6171030998,"standard_error":69007.63906958149},"slope":null,"std_dev":{"confidence_interval":{"confidence_level":0.95,"lower_bound":514133.91091254423,"upper_bound":871691.3178851543},"point_estimate":691481.8499630217,"standard_error":92905.75281498794}}