{"mean":{"confidence_interval":{"confidence_level":0.95,"lower_bound":653895.2989130435,"upper_bound":685892.4282608697},"point_estimate":669458.4347826086,"standard_error":8154.574996451062},"median":{"confidence_interval":{"confidence_level":0.95,"lower_bound":630093.4782608696,"upper_bound":649452.1739130435},"point_estimate":639950.0,"standard_error":5878.990349450344},"median_abs_dev":{"confidence_interval":{"confidence_level":0.95,"lower_bound":44078.261250063064,"upper_bound":86416.2402049355},"point_estimate":59951.83067477268,"standard_error":11631.25259224992},"slope":null,"std_dev":{"confidence_interval":{"confidence_level":0.95,"lower_bound":69914.78062512117,"upper_bound":92354.29308374619},"point_estimate":81870.25331259484,"standard_error":5723.870288286464}}