{"mean":{"confidence_interval":{"confidence_level":0.95,"lower_bound":348215.26650895056,"upper_bound":378346.81646811706},"point_estimate":363367.4696765618,"standard_error":7703.896574928524},"median":{"confidence_interval":{"confidence_level":0.95,"lower_bound":344000.0,"upper_bound":375621.60218253965},"point_estimate":362200.77788811654,"standard_error":8083.946082698484},"median_abs_dev":{"confidence_interval":{"confidence_level":0.95,"lower_bound":69203.47922979672,"upper_bound":103700.28966800618},"point_estimate":90150.0715473424,"standard_error":8626.666064839223},"slope":{"confidence_interval":{"confidence_level":0.95,"lower_bound":411205.2618130372,"upper_bound":432365.5872424735},"point_estimate":422728.3868774937,"standard_error":5390.445610991209},"std_dev":{"confidence_interval":{"confidence_level":0.95,"lower_bound":66829.74129838838,"upper_bound":86462.65855232195},"point_estimate":77203.13311158694,"standard_error":5009.819023031847}}