{"mean":{"confidence_interval":{"confidence_level":0.95,"lower_bound":15955545.8375,"upper_bound":20988305.1875},"point_estimate":18220166.0,"standard_error":1290720.6498751459},"median":{"confidence_interval":{"confidence_level":0.95,"lower_bound":13034125.0,"upper_bound":16121050.0},"point_estimate":14167750.0,"standard_error":869871.3402522642},"median_abs_dev":{"confidence_interval":{"confidence_level":0.95,"lower_bound":2264930.9147894382,"upper_bound":5463751.55299902},"point_estimate":3797457.4425816536,"standard_error":884528.4982248526},"slope":null,"std_dev":{"confidence_interval":{"confidence_level":0.95,"lower_bound":6666868.30130581,"upper_bound":18055428.06507299},"point_estimate":12945184.490267593,"standard_error":2904934.7092152345}}