{"mean":{"confidence_interval":{"confidence_level":0.95,"lower_bound":9056512.308333332,"upper_bound":10072072.624999998},"point_estimate":9538834.333333334,"standard_error":257683.7324206556},"median":{"confidence_interval":{"confidence_level":0.95,"lower_bound":8151616.666666666,"upper_bound":9055966.666666666},"point_estimate":8327500.0,"standard_error":232861.99210191975},"median_abs_dev":{"confidence_interval":{"confidence_level":0.95,"lower_bound":814392.1655416489,"upper_bound":2008158.189848064},"point_estimate":1100435.1204633708,"standard_error":315462.2246577195},"slope":null,"std_dev":{"confidence_interval":{"confidence_level":0.95,"lower_bound":1886263.330213943,"upper_bound":3216235.5953221596},"point_estimate":2585756.369357189,"standard_error":340483.49484563904}}