{"mean":{"confidence_interval":{"confidence_level":0.95,"lower_bound":79362.17272727276,"upper_bound":85912.27954545457},"point_estimate":82456.54545454546,"standard_error":1673.150717718608},"median":{"confidence_interval":{"confidence_level":0.95,"lower_bound":75527.27272727272,"upper_bound":78522.72727272726},"point_estimate":76190.90909090909,"standard_error":781.7880849673224},"median_abs_dev":{"confidence_interval":{"confidence_level":0.95,"lower_bound":3827.8035684065308,"upper_bound":6301.049888134003},"point_estimate":4865.623549981554,"standard_error":600.9392730811131},"slope":null,"std_dev":{"confidence_interval":{"confidence_level":0.95,"lower_bound":12008.515326030622,"upper_bound":20803.907257521914},"point_estimate":16800.11396790715,"standard_error":2250.9842676832063}}