{"mean":{"confidence_interval":{"confidence_level":0.95,"lower_bound":309164554.175,"upper_bound":324352909.65},"point_estimate":316566430.0,"standard_error":3877508.0443641567},"median":{"confidence_interval":{"confidence_level":0.95,"lower_bound":300006500.0,"upper_bound":317133700.0},"point_estimate":308736950.0,"standard_error":4944017.163284325},"median_abs_dev":{"confidence_interval":{"confidence_level":0.95,"lower_bound":22799200.005233288,"upper_bound":38713428.12269926},"point_estimate":27647598.43915701,"standard_error":4026716.930388861},"slope":null,"std_dev":{"confidence_interval":{"confidence_level":0.95,"lower_bound":31532891.911805417,"upper_bound":45004250.56065674},"point_estimate":38765863.74350893,"standard_error":3439815.095679968}}