{"mean":{"confidence_interval":{"confidence_level":0.95,"lower_bound":1517534.8673076925,"upper_bound":1591304.4673076924},"point_estimate":1553671.4615384624,"standard_error":18868.564032266713},"median":{"confidence_interval":{"confidence_level":0.95,"lower_bound":1424161.5384615385,"upper_bound":1590842.3076923077},"point_estimate":1535580.7692307692,"standard_error":49678.78100003552},"median_abs_dev":{"confidence_interval":{"confidence_level":0.95,"lower_bound":131141.66997946205,"upper_bound":273208.9613034174},"point_estimate":213197.87621498108,"standard_error":37979.26339574235},"slope":null,"std_dev":{"confidence_interval":{"confidence_level":0.95,"lower_bound":167108.57008007946,"upper_bound":208773.4945201309},"point_estimate":189648.69872659096,"standard_error":10634.97599527979}}