{"mean":{"confidence_interval":{"confidence_level":0.95,"lower_bound":22417003.525,"upper_bound":24461499.374999996},"point_estimate":23274934.0,"standard_error":530545.4667571222},"median":{"confidence_interval":{"confidence_level":0.95,"lower_bound":21839800.0,"upper_bound":22176500.0},"point_estimate":22045600.0,"standard_error":100278.81606619636},"median_abs_dev":{"confidence_interval":{"confidence_level":0.95,"lower_bound":544482.9870834948,"upper_bound":1398684.8151683807},"point_estimate":719876.4172196388,"standard_error":206090.08458252676},"slope":null,"std_dev":{"confidence_interval":{"confidence_level":0.95,"lower_bound":2027079.7600969512,"upper_bound":8424141.536710748},"point_estimate":5345542.834303901,"standard_error":1921288.4102691012}}