{"mean":{"confidence_interval":{"confidence_level":0.95,"lower_bound":144526.6735658846,"upper_bound":147673.68418991973},"point_estimate":146064.54833343855,"standard_error":804.7501937224852},"median":{"confidence_interval":{"confidence_level":0.95,"lower_bound":142514.94252873564,"upper_bound":145830.95238095237},"point_estimate":144526.02040816325,"standard_error":852.0415899173514},"median_abs_dev":{"confidence_interval":{"confidence_level":0.95,"lower_bound":4234.745063811312,"upper_bound":7554.981979624361},"point_estimate":5624.718897901617,"standard_error":873.2281132961464},"slope":{"confidence_interval":{"confidence_level":0.95,"lower_bound":144458.39281936595,"upper_bound":148418.3944901201},"point_estimate":146370.3785175959,"standard_error":1008.3614563608172},"std_dev":{"confidence_interval":{"confidence_level":0.95,"lower_bound":6657.867691434179,"upper_bound":9315.889044526906},"point_estimate":8092.73399074977,"standard_error":678.8680604659214}}