{"mean":{"confidence_interval":{"confidence_level":0.95,"lower_bound":63527951.925000004,"upper_bound":71898220.55},"point_estimate":67521270.0,"standard_error":2135631.4506639168},"median":{"confidence_interval":{"confidence_level":0.95,"lower_bound":54578200.0,"upper_bound":65814700.0},"point_estimate":57485100.0,"standard_error":3428932.192762676},"median_abs_dev":{"confidence_interval":{"confidence_level":0.95,"lower_bound":7346282.869577408,"upper_bound":22114461.20738983},"point_estimate":11726031.451821327,"standard_error":4275804.952103883},"slope":null,"std_dev":{"confidence_interval":{"confidence_level":0.95,"lower_bound":16327466.796843685,"upper_bound":26393882.734178767},"point_estimate":21489731.854767203,"standard_error":2589305.6310393764}}