{"mean":{"confidence_interval":{"confidence_level":0.95,"lower_bound":97465777.625,"upper_bound":104002247.4},"point_estimate":100579842.0,"standard_error":1667671.432560733},"median":{"confidence_interval":{"confidence_level":0.95,"lower_bound":92846300.0,"upper_bound":97045100.0},"point_estimate":95187850.0,"standard_error":1326383.7889683724},"median_abs_dev":{"confidence_interval":{"confidence_level":0.95,"lower_bound":5891185.125410557,"upper_bound":11453603.706657887},"point_estimate":8436364.50022459,"standard_error":1329875.023909668},"slope":null,"std_dev":{"confidence_interval":{"confidence_level":0.95,"lower_bound":12540662.774783814,"upper_bound":20297800.30558034},"point_estimate":16746805.60518979,"standard_error":1978982.4192283696}}