{"mean":{"confidence_interval":{"confidence_level":0.95,"lower_bound":173130379.175,"upper_bound":178386321.375},"point_estimate":175639160.0,"standard_error":1346607.3358493913},"median":{"confidence_interval":{"confidence_level":0.95,"lower_bound":170235900.0,"upper_bound":174088200.0},"point_estimate":171803500.0,"standard_error":948846.4314159025},"median_abs_dev":{"confidence_interval":{"confidence_level":0.95,"lower_bound":6220248.18956852,"upper_bound":10744476.139247417},"point_estimate":8473948.409557343,"standard_error":1157903.9451543079},"slope":null,"std_dev":{"confidence_interval":{"confidence_level":0.95,"lower_bound":10147134.388280585,"upper_bound":16569106.595551748},"point_estimate":13582094.838708673,"standard_error":1642298.0603737268}}