{"mean":{"confidence_interval":{"confidence_level":0.95,"lower_bound":217812297.375,"upper_bound":231074599.375},"point_estimate":223948031.0,"standard_error":3385512.660130473},"median":{"confidence_interval":{"confidence_level":0.95,"lower_bound":213238250.0,"upper_bound":221348550.0},"point_estimate":216855100.0,"standard_error":2079705.9189009555},"median_abs_dev":{"confidence_interval":{"confidence_level":0.95,"lower_bound":16035356.535315514,"upper_bound":24709011.161327362},"point_estimate":20599392.29428768,"standard_error":2146214.528166817},"slope":null,"std_dev":{"confidence_interval":{"confidence_level":0.95,"lower_bound":20329762.99124176,"upper_bound":45860068.2229751},"point_estimate":34114690.39359804,"standard_error":6504139.418623062}}