{"mean":{"confidence_interval":{"confidence_level":0.95,"lower_bound":28364925.925,"upper_bound":30323789.3},"point_estimate":29285685.0,"standard_error":500312.2629540726},"median":{"confidence_interval":{"confidence_level":0.95,"lower_bound":26436450.0,"upper_bound":28007100.0},"point_estimate":26905050.0,"standard_error":435163.80238770426},"median_abs_dev":{"confidence_interval":{"confidence_level":0.95,"lower_bound":1288451.6538754108,"upper_bound":3823699.4621157646},"point_estimate":1992540.2346253395,"standard_error":657669.6967822387},"slope":null,"std_dev":{"confidence_interval":{"confidence_level":0.95,"lower_bound":3559516.8158144336,"upper_bound":6393570.507312646},"point_estimate":5035126.541865757,"standard_error":727844.8663786869}}