{"mean":{"confidence_interval":{"confidence_level":0.95,"lower_bound":32613158.425,"upper_bound":34919445.449999996},"point_estimate":33728293.0,"standard_error":587189.0359566658},"median":{"confidence_interval":{"confidence_level":0.95,"lower_bound":30951850.0,"upper_bound":34167000.0},"point_estimate":32497350.0,"standard_error":627230.9404751883},"median_abs_dev":{"confidence_interval":{"confidence_level":0.95,"lower_bound":4367517.132461071,"upper_bound":7235124.936550847},"point_estimate":5919058.004915714,"standard_error":723459.3292649492},"slope":null,"std_dev":{"confidence_interval":{"confidence_level":0.95,"lower_bound":4632664.782169769,"upper_bound":7295397.797002245},"point_estimate":5876645.926504851,"standard_error":709317.5179406446}}