{"mean":{"confidence_interval":{"confidence_level":0.95,"lower_bound":7307260.34375,"upper_bound":7988698.11875},"point_estimate":7639363.375,"standard_error":174197.1163264535},"median":{"confidence_interval":{"confidence_level":0.95,"lower_bound":6832393.75,"upper_bound":7643162.5},"point_estimate":7127956.25,"standard_error":197632.46734942318},"median_abs_dev":{"confidence_interval":{"confidence_level":0.95,"lower_bound":1234347.8743359447,"upper_bound":2093116.1103397608},"point_estimate":1641757.0808529854,"standard_error":194483.50016041778},"slope":null,"std_dev":{"confidence_interval":{"confidence_level":0.95,"lower_bound":1449641.8970678628,"upper_bound":2012695.3346276605},"point_estimate":1755985.8447433247,"standard_error":144247.05770451645}}