{"mean":{"confidence_interval":{"confidence_level":0.95,"lower_bound":2855251.4250000003,"upper_bound":3181568.603571429},"point_estimate":2999735.1428571437,"standard_error":83195.63362022143},"median":{"confidence_interval":{"confidence_level":0.95,"lower_bound":2634671.4285714286,"upper_bound":2879221.4285714286},"point_estimate":2717264.2857142854,"standard_error":63213.82329804691},"median_abs_dev":{"confidence_interval":{"confidence_level":0.95,"lower_bound":275615.3351068493,"upper_bound":584578.5796216554},"point_estimate":369908.6934328076,"standard_error":79952.92687673152},"slope":null,"std_dev":{"confidence_interval":{"confidence_level":0.95,"lower_bound":477957.7717836147,"upper_bound":1238183.305929793},"point_estimate":839392.7611827215,"standard_error":235852.61839877578}}