{"mean":{"confidence_interval":{"confidence_level":0.95,"lower_bound":16274600.65,"upper_bound":17180916.35},"point_estimate":16726938.0,"standard_error":231513.47978158473},"median":{"confidence_interval":{"confidence_level":0.95,"lower_bound":15935600.0,"upper_bound":17801400.0},"point_estimate":16900300.0,"standard_error":565711.7991439756},"median_abs_dev":{"confidence_interval":{"confidence_level":0.95,"lower_bound":2043391.5604725482,"upper_bound":3291594.331562519},"point_estimate":2761342.4509763718,"standard_error":300412.6773832619},"slope":null,"std_dev":{"confidence_interval":{"confidence_level":0.95,"lower_bound":2072343.5834586727,"upper_bound":2554969.8073080573},"point_estimate":2327200.1573738363,"standard_error":123597.3849544489}}