{"mean":{"confidence_interval":{"confidence_level":0.95,"lower_bound":60322843.85,"upper_bound":66100166.574999996},"point_estimate":63044558.0,"standard_error":1474679.63725585},"median":{"confidence_interval":{"confidence_level":0.95,"lower_bound":55441500.0,"upper_bound":60353400.0},"point_estimate":57758650.0,"standard_error":1341563.6867317483},"median_abs_dev":{"confidence_interval":{"confidence_level":0.95,"lower_bound":5422387.013733387,"upper_bound":11165756.921768188},"point_estimate":8319683.882296085,"standard_error":1594856.3706428397},"slope":null,"std_dev":{"confidence_interval":{"confidence_level":0.95,"lower_bound":10894781.982304681,"upper_bound":18175067.78143978},"point_estimate":14797842.169415968,"standard_error":1865316.0116261381}}