{"mean":{"confidence_interval":{"confidence_level":0.95,"lower_bound":48237550.65,"upper_bound":50310732.449999996},"point_estimate":49251178.0,"standard_error":529692.9865000338},"median":{"confidence_interval":{"confidence_level":0.95,"lower_bound":46961050.0,"upper_bound":48792550.0},"point_estimate":47855950.0,"standard_error":515750.71260116954},"median_abs_dev":{"confidence_interval":{"confidence_level":0.95,"lower_bound":2584245.8841204643,"upper_bound":4762111.115455627},"point_estimate":3772623.893022537,"standard_error":555094.2992914577},"slope":null,"std_dev":{"confidence_interval":{"confidence_level":0.95,"lower_bound":4298752.887675036,"upper_bound":6204580.558951223},"point_estimate":5332237.183976138,"standard_error":486536.2181393625}}