{"mean":{"confidence_interval":{"confidence_level":0.95,"lower_bound":691016.5511363636,"upper_bound":763037.836363636},"point_estimate":723360.4545454544,"standard_error":18488.41572441697},"median":{"confidence_interval":{"confidence_level":0.95,"lower_bound":653547.7272727273,"upper_bound":690136.3636363636},"point_estimate":670670.4545454546,"standard_error":9952.685368516153},"median_abs_dev":{"confidence_interval":{"confidence_level":0.95,"lower_bound":52760.34179058944,"upper_bound":97946.11401110882},"point_estimate":70669.47556354787,"standard_error":11670.859764364031},"slope":null,"std_dev":{"confidence_interval":{"confidence_level":0.95,"lower_bound":108777.8186651638,"upper_bound":269944.32060795225},"point_estimate":186692.0500695916,"standard_error":47613.225952609864}}