{"mean":{"confidence_interval":{"confidence_level":0.95,"lower_bound":3820190.0749999997,"upper_bound":4296313.449999998},"point_estimate":4008902.3333333344,"standard_error":125442.40744616975},"median":{"confidence_interval":{"confidence_level":0.95,"lower_bound":3702316.6666666665,"upper_bound":3768050.0},"point_estimate":3733050.0,"standard_error":16858.388155081884},"median_abs_dev":{"confidence_interval":{"confidence_level":0.95,"lower_bound":77515.26862382877,"upper_bound":248014.26559686684},"point_estimate":121004.86785173428,"standard_error":45570.48416573544},"slope":null,"std_dev":{"confidence_interval":{"confidence_level":0.95,"lower_bound":261706.89181384514,"upper_bound":2063741.3103937444},"point_estimate":1262809.1930149528,"standard_error":531626.1504403986}}